Molecule,State,is_primary,conformer,energy,opt_success,no_imaginary,homo,lumo,homo_lumo_gap,dipole,max_positive_charge,max_negative_charge,charge_spread,avg_charge,crest_num_conformers,crest_energy_range,crest_energy,crest_population,excited_energy,excited_opt_success,excited_homo,excited_lumo,excited_homo_lumo_gap,excitation_energy_ev,gap_ev,energy_diff_from_neutral,homo_num,lumo_num,gap_calculated,conformational_flexibility,energy_diversity,charge_polarity,charge_intensity,has_nh2,has_oh,has_cn,has_me,has_f,is_ring,is_neutral,is_cation,is_triplet,is_primary_num,molecular_complexity,ring_count,has_5ring,has_3ring,has_7ring,has_in_group,has_out_group,has_both_groups,has_cn_alt,cn_count,has_nh2_alt,nh2_count,has_oh_alt,oh_count,has_me_alt,me_count,has_f_alt,f_count,has_sh,sh_count,has_bh2,bh2_count,has_cf3,cf3_count,has_no2,no2_count,has_ome,ome_count,has_nme2,nme2_count,has_nph3,nph3_count,has_nn+,nn+_count,total_substituents,structural_complexity,estimated_size,estimated_polarity,estimated_hydrophobicity,electron_donating_effect,electron_withdrawing_effect,net_electronic_effect,estimated_conjugation,planarity_index,homo_polarity,lumo_electronic_effect,gap_conjugation,energy_per_size,dipole_planarity,s1_t1_gap_ev,is_negative_gap
5ring_nph3_3ring_NO,neutral,True,,,,,,,,,,,,,,,,,,,,,,,,,,,,,,,,0,0,0,0,0,1,1,0,0,1,1,2,1,1,0,0,0,0,0,0,0,0,0,0,0,0,0,0,0,0,0,0,0,0,0,0,0,0,0,0,1,1,0,0,1,3,15.0,1.0,3.0,1.5,0.1,1.4,8.0,1.0,,,,,0.0,,0
5ring_nph3_3ring_NO,cation,True,conf_2,-1360.7573716,True,True,-4.933154706000001,-3.4286364000000003,1.5045183060000002,,,,,,7.0,4334.83,458.71,0.0,,,,,,,,,-4.933154706000001,-3.4286364000000003,1.5045183060000005,2.079441541679836,8.374668335708815,,,0,0,0,0,0,1,0,1,0,1,1,2,1,1,0,0,0,0,0,0,0,0,0,0,0,0,0,0,0,0,0,0,0,0,0,0,0,0,0,0,1,1,0,0,1,3,15.0,1.0,3.0,1.5,0.1,1.4,8.0,1.0,-4.933154706000001,-4.80009096,0.1671685149238723,-90.71715810666666,0.0,0.25135549180000005,0
5ring_nph3_3ring_NO,triplet,True,conf_8,-1360.9369041,True,True,-4.4452543040000005,0.0152383839999999,4.460492688,,,,,,,,,,,,,,,,,,-4.4452543040000005,0.0152383839999999,4.460492688,,,,,0,0,0,0,0,1,0,0,1,1,1,2,1,1,0,0,0,0,0,0,0,0,0,0,0,0,0,0,0,0,0,0,0,0,0,0,0,0,0,0,1,1,0,0,1,3,15.0,1.0,3.0,1.5,0.1,1.4,8.0,1.0,-4.4452543040000005,0.0213337375999998,0.4956097479891689,-90.72912694,0.0,1.1381478064000001,0
5ring_nh2_3ring_cn_both,neutral,True,conf_5,-713.7671916,True,False,-4.244434172,-3.0136625500000003,1.2307716220000002,,0.144525,-0.356696,0.501221,-4.166666666323889e-08,5.0,1926.45,1926.45,0.0,-713.749371282,False,-3.5867346340000004,-3.0136625500000003,0.5730720840000003,0.48491580122728,,0.0,-4.244434172,-3.0136625500000003,1.2307716219999998,1.791759469228055,7.563953164763804,0.501221,0.501221,1,0,1,0,0,1,1,0,0,1,3,2,1,1,0,0,0,1,1,1,1,1,0,0,0,0,0,0,0,0,0,0,0,0,0,0,0,0,0,0,0,0,0,0,2,4,11.5,6.5,-3.0,2.0,3.0,-1.0,11.0,4.0,-27.588822118,3.0136625500000003,0.102564216363153,-62.06671231304348,0.0,0.16923148660000004,0
5ring_nh2_3ring_cn_both,cation,True,conf_1,-713.6533526,True,True,-4.7350557140000005,-3.4003365440000004,1.33471917,,,,,,1.0,0.0,0.0,100.0,,,,,,,,0.1138390000000981,-4.7350557140000005,-3.4003365440000004,1.33471917,0.6931471805599453,0.0,,,1,0,1,0,0,1,0,1,0,1,3,2,1,1,0,0,0,1,1,1,1,1,0,0,0,0,0,0,0,0,0,0,0,0,0,0,0,0,0,0,0,0,0,0,2,4,11.5,6.5,-3.0,2.0,3.0,-1.0,11.0,4.0,-30.777862141000004,3.4003365440000004,0.111226504811246,-62.05681326956521,0.0,0.20041575099999998,0
5ring_nh2_3ring_cn_both,triplet,True,conf_1,-713.7839344,True,True,-4.094227244000001,-1.26805124,2.826176004,,,,,,2.0,458.08,0.0,100.0,,,,,,,-0.4555950279193067,-0.0167427999999745,-4.094227244000001,-1.26805124,2.826176004000001,1.0986122886681098,6.129224486812468,,,1,0,1,0,0,1,0,0,1,1,3,2,1,1,0,0,0,1,1,1,1,1,0,0,0,0,0,0,0,0,0,0,0,0,0,0,0,0,0,0,0,0,0,0,2,4,11.5,6.5,-3.0,2.0,3.0,-1.0,11.0,4.0,-26.612477086000005,1.26805124,0.2355144707379411,-62.06816820869565,0.0,0.6478528012,0
5ring_nme2_3ring_cn_in_con2,neutral,True,conf_1,-760.2395763,True,True,-4.530153872,-3.424010462,1.1061434099999998,,0.169068,-0.29358,0.462648,3.1249999997646015e-08,4.0,1574.42,0.0,100.0,-760.228592265,False,,,,0.298890969998417,,0.0,-4.530153872,-3.424010462,1.1061434099999996,1.6094379124341005,7.362277182377165,0.462648,0.462648,0,0,1,1,0,1,1,0,0,1,4,2,1,1,0,1,0,0,1,1,0,0,0,0,1,1,0,0,0,0,0,0,0,0,0,0,0,0,1,1,0,0,0,0,3,5,14.0,5.7,0.5,2.5,3.0,-0.5,11.0,3.0,-25.8218770704,1.712005231,0.0921785406845493,-54.30282687857142,0.0,0.13184302299999995,0
5ring_nme2_3ring_cn_in_con2,cation,True,conf_2,-760.1086049,True,True,-4.869207916,-3.86129766,1.0079102559999995,,,,,,3.0,2219.5,687.12,0.0,,,,,,,,0.1309713999999076,-4.869207916,-3.86129766,1.0079102559999995,1.3862943611198906,7.705487674732157,,,0,0,1,1,0,1,0,1,0,1,4,2,1,1,0,1,0,0,1,1,0,0,0,0,1,1,0,0,0,0,0,0,0,0,0,0,0,0,1,1,0,0,0,0,3,5,14.0,5.7,0.5,2.5,3.0,-0.5,11.0,3.0,-27.7544851212,1.93064883,0.0839924513396238,-54.29347177857143,0.0,0.10237307679999985,0
5ring_nme2_3ring_cn_in_con2,triplet,True,conf_4,-760.2552532,True,True,-4.546480712,-1.656357918,2.8901227940000003,,,,,,4.0,1763.93,1763.93,0.0,,,,,,,-0.426590396660456,-0.0156769000000167,-4.546480712,-1.656357918,2.890122794,1.6094379124341005,7.475866308524259,,,0,0,1,1,0,1,0,0,1,1,4,2,1,1,0,1,0,0,1,1,0,0,0,0,1,1,0,0,0,0,0,0,0,0,0,0,0,0,1,1,0,0,0,0,3,5,14.0,5.7,0.5,2.5,3.0,-0.5,11.0,3.0,-25.914940058400003,0.828178959,0.2408433654638621,-54.30394665714285,0.0,0.6670368382,0
5ring_nph3_3ring_CN,neutral,True,conf_18,-1286.8484563,True,True,-5.512485412,-2.80005306,2.7124323520000004,,0.62916,-0.401343,1.030503,1.4456028966473393e-18,18.0,4948.54,4948.54,0.0,-1286.8314756,True,-5.283637538000001,-2.80005306,2.483584478,0.4620686199793584,,0.0,-5.512485412,-2.80005306,2.712432352,2.9444389791664403,8.507049921951612,1.030503,1.030503,0,0,0,0,0,1,1,0,0,1,1,2,1,1,0,0,0,0,1,1,0,0,0,0,0,0,0,0,0,0,0,0,0,0,0,0,0,0,0,0,1,1,0,0,2,4,17.0,4.5,2.0,1.5,3.0,-1.5,10.0,1.0,-24.806184354000003,4.2000795900000005,0.246584535104968,-75.69696801764705,0.0,0.6137297056000002,0
5ring_nph3_3ring_CN,cation,True,conf_4,-1286.6435404,True,False,-4.807165924,-3.124412948,1.6827529760000002,,,,,,7.0,2998.87,899.22,0.0,,,,,,,,0.20491590000006,-4.807165924,-3.124412948,1.6827529760000006,2.079441541679836,8.006324233377997,,,0,0,0,0,0,1,0,1,0,1,1,2,1,1,0,0,0,0,1,1,0,0,0,0,0,0,0,0,0,0,0,0,0,0,0,0,0,0,0,0,1,1,0,0,2,4,17.0,4.5,2.0,1.5,3.0,-1.5,10.0,1.0,-21.632246658000003,4.686619422,0.1529774042023599,-75.68491414117646,0.0,0.3048258928,0
5ring_nph3_3ring_CN,triplet,True,conf_1,-1286.7917917,True,True,-4.03272948,-1.406013038,2.626716442,,,,,,2.0,2370.73,0.0,100.0,,,,,,,1.5419230964393584,0.0566645999999764,-4.03272948,-1.406013038,2.626716442,1.0986122886681098,7.771374925645464,,,0,0,0,0,0,1,0,0,1,1,1,2,1,1,0,0,0,0,1,1,0,0,0,0,0,0,0,0,0,0,0,0,0,0,0,0,0,0,0,0,1,1,0,0,2,4,17.0,4.5,2.0,1.5,3.0,-1.5,10.0,1.0,-18.14728266,2.109019557,0.2387921867343757,-75.69363480588235,0.0,0.5880149325999999,0
sesqui_5ring_oh,neutral,True,conf_1,-613.2700224,True,False,-4.615325554000001,-1.957043888,2.6582816660000006,,0.216362,-0.246137,0.462499,1.666666666656769e-07,3.0,4601.52,0.0,100.0,-613.25008888,False,-4.524439478000001,-1.957043888,2.5673955900000003,0.5424189861278651,,0.0,-4.615325554000001,-1.957043888,2.6582816660000006,1.3862943611198906,8.434359258562212,0.462499,0.462499,0,1,0,0,0,1,1,0,0,1,2,1,1,0,0,0,0,0,0,0,0,0,1,1,0,0,0,0,0,0,0,0,0,0,0,0,0,0,0,0,0,0,0,0,1,2,6.0,3.0,-2.0,1.0,0.1,0.9,6.0,2.0,-13.845976662000002,-1.7613394992,0.3797539812085984,-102.2116704,0.0,0.5974844998000002,0
sesqui_5ring_oh,cation,True,conf_1,-613.1243876,True,False,-5.6109906800000005,-2.7592359600000003,2.85175472,,,,,,2.0,2932.98,0.0,100.0,,,,,,,,0.1456348000000389,-5.6109906800000005,-2.7592359600000003,2.85175472,1.0986122886681098,7.98411514204711,,,0,1,0,0,0,1,0,1,0,1,2,1,1,0,0,0,0,0,0,0,0,0,1,1,0,0,0,0,0,0,0,0,0,0,0,0,0,0,0,0,0,0,0,0,1,2,6.0,3.0,-2.0,1.0,0.1,0.9,6.0,2.0,-16.83297204,-2.483312364,0.4073929494386437,-102.18739793333332,0.0,0.6555264160000001,0
sesqui_5ring_oh,triplet,True,conf_1,-613.2459044,True,True,-3.997082546,-1.910784508,2.086298038,,,,,,4.0,2877.13,0.0,100.0,,,,,,,0.6562845452011986,0.024118000000044,-3.997082546,-1.910784508,2.086298038,1.6094379124341005,7.964896056684291,,,0,1,0,0,0,1,0,0,1,1,2,1,1,0,0,0,0,0,0,0,0,0,1,1,0,0,0,0,0,0,0,0,0,0,0,0,0,0,0,0,0,0,0,0,1,2,6.0,3.0,-2.0,1.0,0.1,0.9,6.0,2.0,-11.991247638,-1.7197060572,0.2980421510826413,-102.20765073333332,0.0,0.42588941139999986,0
5ring_oh_3ring_bh2_in,neutral,True,conf_2,-509.3377397,True,True,-5.095062536,-2.677873874,2.417188662,,0.282417,-0.24839,0.530807,0.0,6.0,4252.0,169.43,0.0,-509.289911831,False,-5.06948382,-2.677873874,2.391609946,1.3014632745066672,,0.0,-5.095062536,-2.677873874,2.4171886620000005,1.9459101490553128,8.355379895253634,0.530807,0.530807,0,1,0,0,0,1,1,0,0,1,3,2,1,1,0,1,0,0,0,0,0,0,1,1,0,0,0,0,0,0,1,1,0,0,0,0,0,0,0,0,0,0,0,0,2,4,10.0,4.0,-1.5,1.0,1.0,0.0,9.0,4.0,-20.380250144,-0.0,0.2417186244813755,-50.93377397,0.0,0.5251565986,0
5ring_oh_3ring_bh2_in,cation,True,conf_1,-509.1820673,True,True,-5.690447968,-2.323581446,3.3668665220000005,,,,,,5.0,4585.84,0.0,100.0,,,,,,,,0.1556723999999576,-5.690447968,-2.323581446,3.366866522,1.791759469228055,8.430946612802849,,,0,1,0,0,0,1,0,1,0,1,3,2,1,1,0,1,0,0,0,0,0,0,1,1,0,0,0,0,0,0,1,1,0,0,0,0,0,0,0,0,0,0,0,0,2,4,10.0,4.0,-1.5,1.0,1.0,0.0,9.0,4.0,-22.761791872,-0.0,0.3366863155136845,-50.91820673,0.0,0.8100599566000002,0
5ring_oh_3ring_bh2_in,triplet,True,conf_1,-509.3296676,True,True,-5.139145004,-2.455012508,2.684132496,,,,,,,,,,,,,,,,0.2196531419397983,0.0080720999999925,-5.139145004,-2.455012508,2.6841324960000006,,,,,0,1,0,0,0,1,0,0,1,1,3,2,1,1,0,1,0,0,0,0,0,0,1,1,0,0,0,0,0,0,1,1,0,0,0,0,0,0,0,0,0,0,0,0,2,4,10.0,4.0,-1.5,1.0,1.0,0.0,9.0,4.0,-20.556580016,-0.0,0.2684129811870189,-50.93296676,0.0,0.6052397488000001,0
sesqui_5ring_oh_7ring_2f_in,neutral,True,conf_3,-811.5769571,True,True,-5.082817406,-2.4639922700000003,2.6188251360000003,,0.205771,-0.247746,0.453517,-4.166666666439537e-08,3.0,1728.79,1728.79,0.0,-811.54855054,False,-4.049328434,-2.4639922700000003,1.585336164,0.7729822667842077,,0.0,-5.082817406,-2.4639922700000003,2.618825136,1.3862943611198906,7.455755292840555,0.453517,0.453517,0,1,0,0,0,1,1,0,0,1,3,2,1,0,1,1,0,0,0,0,0,0,1,1,0,0,1,1,0,0,0,0,0,0,0,0,0,0,0,0,0,0,0,0,2,4,13.5,7.0,-2.5,1.0,1.0,0.0,13.0,4.0,-35.579721842,-0.0,0.1870588046722823,-60.11681163703703,0.0,0.5856475408000001,0
sesqui_5ring_oh_7ring_2f_in,cation,True,conf_2,-811.4314009,True,True,-5.488811494,-3.25040173,2.238409764,,,,,,3.0,2493.72,1634.03,0.0,,,,,,,,0.1455561999999872,-5.488811494,-3.25040173,2.238409764,1.3862943611198906,7.821931777439087,,,0,1,0,0,0,1,0,1,0,1,3,2,1,0,1,1,0,0,0,0,0,0,1,1,0,0,1,1,0,0,0,0,0,0,0,0,0,0,0,0,0,0,0,0,2,4,13.5,7.0,-2.5,1.0,1.0,0.0,13.0,4.0,-38.421680458,-0.0,0.1598862975097875,-60.1060296962963,0.0,0.4715229292,0
sesqui_5ring_oh_7ring_2f_in,triplet,True,conf_1,-811.5671403,True,True,-4.1483779300000005,-1.839218526,2.3091594040000003,,,,,,3.0,4250.75,0.0,100.0,,,,,,,0.267128871518727,0.0098167999999532,-4.1483779300000005,-1.839218526,2.3091594040000007,1.3862943611198906,8.355085941872522,,,0,1,0,0,0,1,0,0,1,1,3,2,1,0,1,1,0,0,0,0,0,0,1,1,0,0,1,1,0,0,0,0,0,0,0,0,0,0,0,0,0,0,0,0,2,4,13.5,7.0,-2.5,1.0,1.0,0.0,13.0,4.0,-29.03864551,-0.0,0.1649398396144003,-60.11608446666667,0.0,0.4927478212000001,0
5ring_nh2_3ring_NO,neutral,True,conf_9,-677.2626903,True,True,-5.17424771,-2.450930798,2.7233169120000005,,0.234309,-0.254228,0.488537,-1.0000000000010001e-07,,,,,-677.2427084,True,-4.773423788,-2.450930798,2.32249299,0.5437354736616766,,0.0,-5.17424771,-2.450930798,2.7233169120000005,,,0.488537,0.488537,1,0,0,0,0,1,1,0,0,1,2,2,1,1,0,0,0,0,0,0,1,1,0,0,0,0,0,0,0,0,0,0,0,0,0,0,0,0,0,0,0,0,0,0,1,3,9.5,3.0,-2.0,2.0,0.1,1.9,9.0,4.0,-15.522743130000002,-4.6567685162,0.2723314188685812,-71.29080950526316,0.0,0.6169950736,0
5ring_nh2_3ring_NO,cation,True,conf_7,-677.0873532,True,True,-6.082564242,-3.109446678,2.9731175640000003,,,,,,11.0,4593.37,2296.06,0.0,,,,,,,,0.1753370999999788,-6.082564242,-3.109446678,2.9731175640000003,2.4849066497880004,8.432586919840452,,,1,0,0,0,0,1,0,1,0,1,2,2,1,1,0,0,0,0,0,0,1,1,0,0,0,0,0,0,0,0,0,0,0,0,0,0,0,0,0,0,0,0,0,0,1,3,9.5,3.0,-2.0,2.0,0.1,1.9,9.0,4.0,-18.247692726,-5.907948688199999,0.2973114590885409,-71.27235296842106,0.0,0.6919352692,0
5ring_nh2_3ring_NO,triplet,True,conf_1,-677.2321794,True,True,-4.490697342000001,-1.533634504,2.9570628380000006,,,,,,18.0,4674.31,0.0,100.0,,,,,,,0.8302443042622086,0.0305109000000811,-4.490697342000001,-1.533634504,2.9570628380000006,2.9444389791664403,8.450050749684793,,,1,0,0,0,0,1,0,0,1,1,2,2,1,1,0,0,0,0,0,0,1,1,0,0,0,0,0,0,0,0,0,0,0,0,0,0,0,0,0,0,0,0,0,0,1,3,9.5,3.0,-2.0,2.0,0.1,1.9,9.0,4.0,-13.472092026000002,-2.9139055576,0.295705988094012,-71.28759783157894,0.0,0.6871188514000002,0
5ring_me_3ring_cn_both,neutral,True,conf_2,-649.646185,True,True,-5.259419392000001,-3.445235354,1.8141840380000005,,0.201107,-0.280359,0.481466,7.142857143174058e-08,2.0,298.07,298.07,0.0,-649.621140552,False,-5.212071556,-3.445235354,1.7668362019999997,0.681494492304567,,0.0,-5.259419392000001,-3.445235354,1.814184038000001,1.0986122886681098,5.700677659702722,0.481466,0.481466,0,0,1,1,0,1,1,0,0,1,3,2,1,1,0,0,0,1,1,1,0,0,0,0,1,1,0,0,0,0,0,0,0,0,0,0,0,0,0,0,0,0,0,0,2,4,11.0,3.7,0.0,0.5,3.0,-2.5,10.0,4.0,-19.4598517504,8.613088385,0.1649256717039349,-59.05874409090909,0.0,0.3442552114000001,0
5ring_me_3ring_cn_both,cation,True,conf_2,-649.471291,True,True,-6.54978398,-3.775853864,2.7739301160000003,,,,,,2.0,180.72,180.72,0.0,,,,,,,,0.1748939999999947,-6.54978398,-3.775853864,2.773930116,1.0986122886681098,5.202467040891203,,,0,0,1,1,0,1,0,1,0,1,3,2,1,1,0,0,0,1,1,1,0,0,0,0,1,1,0,0,0,0,0,0,0,0,0,0,0,0,0,0,0,0,0,0,2,4,11.0,3.7,0.0,0.5,3.0,-2.5,10.0,4.0,-24.234200726,9.43963466,0.2521752358406947,-59.04284463636363,0.0,0.6321790348,0
5ring_me_3ring_cn_both,triplet,True,conf_1,-649.6289459,True,True,-4.748661414,-2.10208065,2.6465807640000003,,,,,,3.0,379.02,0.0,100.0,,,,,,,0.4691000457395485,0.0172390999999834,-4.748661414,-2.10208065,2.646580764,1.3862943611198906,5.940223882914386,,,0,0,1,1,0,1,0,0,1,1,3,2,1,1,0,0,0,1,1,1,0,0,0,0,1,1,0,0,0,0,0,0,0,0,0,0,0,0,0,0,0,0,0,0,2,4,11.0,3.7,0.0,0.5,3.0,-2.5,10.0,4.0,-17.5700472318,5.255201625,0.2405980325472431,-59.0571769,0.0,0.5939742292000001,0
5ring_cn_both,neutral,True,conf_1,-676.8653891,True,True,-6.948158876000001,-2.928218754,4.019940122000001,,0.167341,-0.270376,0.437717,5.555555555406914e-08,1.0,0.0,0.0,100.0,-676.8552631,True,-6.66951414,-2.928218754,3.741295386,0.2755426364003768,,0.0,-6.948158876000001,-2.928218754,4.019940122000001,0.6931471805599453,0.0,0.437717,0.437717,0,0,1,0,0,1,1,0,0,1,2,1,1,0,0,0,0,1,1,1,0,0,0,0,0,0,0,0,0,0,0,0,0,0,0,0,0,0,0,0,0,0,0,0,1,2,7.0,3.5,-1.0,0.0,3.0,-3.0,7.0,2.0,-24.318556066000003,8.784656262,0.5024918871351413,-96.69505558571429,0.0,1.0059820366000003,0
5ring_cn_both,cation,True,conf_1,-676.6233499,True,True,-8.255666646,-3.88442735,4.371239296000001,,,,,,1.0,0.0,0.0,100.0,,,,,,,,0.242039200000022,-8.255666646,-3.88442735,4.371239296,0.6931471805599453,0.0,,,0,0,1,0,0,1,0,1,0,1,2,1,1,0,0,0,0,1,1,1,0,0,0,0,0,0,0,0,0,0,0,0,0,0,0,0,0,0,0,0,0,0,0,0,1,2,7.0,3.5,-1.0,0.0,3.0,-3.0,7.0,2.0,-28.894833261,11.65328205,0.5464042289947137,-96.66047855714284,0.0,1.1113717888,0
5ring_cn_both,triplet,True,conf_1,-676.7961639,True,False,-5.2809163980000005,-4.216134316,1.064782082,,,,,,1.0,0.0,0.0,100.0,,,,,,,1.8837146072801447,0.0692252000000053,-5.2809163980000005,-4.216134316,1.064782082000001,0.6931471805599453,0.0,,,0,0,1,0,0,1,0,0,1,1,2,1,1,0,0,0,0,1,1,1,0,0,0,0,0,0,0,0,0,0,0,0,0,0,0,0,0,0,0,0,0,0,0,0,1,2,7.0,3.5,-1.0,0.0,3.0,-3.0,7.0,2.0,-18.483207393,12.648402948,0.1330975938780077,-96.68516627142856,0.0,0.11943462459999998,0
5ring_oh_both,neutral,True,conf_2,-608.79809,True,True,-4.2857955,-0.737156826,3.548638674,,0.219743,-0.272172,0.491915,-5.555555555869508e-08,6.0,4390.05,1916.41,0.0,-608.733411897,False,-4.300489656000001,-0.737156826,3.56333283,1.7599817319743538,,0.0,-4.2857955,-0.737156826,3.548638674,1.9459101490553128,8.387323657424695,0.491915,0.491915,0,1,0,0,0,1,1,0,0,1,2,1,1,0,0,0,0,1,0,0,0,0,1,1,0,0,0,0,0,0,0,0,0,0,0,0,0,0,0,0,0,0,0,0,1,2,6.0,3.0,-2.0,1.0,0.1,0.9,6.0,2.0,-12.8573865,-0.6634411434,0.5069476577890603,-101.46634833333331,0.0,0.8645916022,0
5ring_oh_both,cation,True,,,,,,,,,,,,,,,,,,,,,,,,,,,,,,,,0,1,0,0,0,1,0,1,0,1,2,1,1,0,0,0,0,1,0,0,0,0,1,1,0,0,0,0,0,0,0,0,0,0,0,0,0,0,0,0,0,0,0,0,1,2,6.0,3.0,-2.0,1.0,0.1,0.9,6.0,2.0,,,,,0.0,,0
5ring_oh_both,triplet,True,,,,,,,,,,,,,,,,,,,,,,,,,,,,,,,,0,1,0,0,0,1,0,0,1,1,2,1,1,0,0,0,0,1,0,0,0,0,1,1,0,0,0,0,0,0,0,0,0,0,0,0,0,0,0,0,0,0,0,0,1,2,6.0,3.0,-2.0,1.0,0.1,0.9,6.0,2.0,,,,,0.0,,0
sesqui_5ring_2nh2,neutral,True,conf_1,-573.5717717,True,True,-4.30076177,-1.7094201480000002,2.591341622,,0.139096,-0.128541,0.267637,-2.6688053476566264e-19,6.0,3244.22,0.0,100.0,-573.540987667,False,-3.1772030640000004,-1.7094201480000002,1.4677829160000002,0.8376766355770637,,0.0,-4.30076177,-1.7094201480000002,2.591341622,1.9459101490553128,8.084938423450273,0.267637,0.267637,1,0,0,0,0,1,1,0,0,1,2,1,1,0,0,0,0,0,0,0,1,1,0,0,0,0,0,0,0,0,0,0,0,0,0,0,0,0,0,0,0,0,0,0,1,2,6.5,3.0,-2.0,2.0,0.1,1.9,6.0,2.0,-12.90228531,-3.2478982812000003,0.3701911314412408,-88.24181103076923,0.0,0.5774024865999998,0
sesqui_5ring_2nh2,cation,True,conf_2,-573.4458283,True,,-4.69124536,-2.62862124,2.06262412,,,,,,3.0,4443.39,109.81,0.0,,,,,,,,0.1259433999999828,-4.69124536,-2.62862124,2.06262412,1.3862943611198906,8.399397905684822,,,1,0,0,0,0,1,0,1,0,1,2,1,1,0,0,0,0,0,0,0,1,1,0,0,0,0,0,0,0,0,0,0,0,0,0,0,0,0,0,0,0,0,0,0,1,2,6.5,3.0,-2.0,2.0,0.1,1.9,6.0,2.0,-14.07373608,-4.994380356,0.2946601676283319,-88.22243512307692,0.0,0.41878723600000006,0
sesqui_5ring_2nh2,triplet,True,conf_1,-573.5634451,True,True,-3.730955054,-1.689555826,2.0413992280000004,,,,,,3.0,2732.8,0.0,100.0,,,,,,,0.2265784432408751,0.0083266000000321,-3.730955054,-1.689555826,2.0413992279999995,1.3862943611198906,7.913447861718553,,,1,0,0,0,0,1,0,0,1,1,2,1,1,0,0,0,0,0,0,0,1,1,0,0,0,0,0,0,0,0,0,0,0,0,0,0,0,0,0,0,0,0,0,0,1,2,6.5,3.0,-2.0,2.0,0.1,1.9,6.0,2.0,-11.192865162,-3.2101560694,0.2916280445313649,-88.2405300153846,0.0,0.4124197684000001,0
sesquifulvalene,neutral,True,conf_1,-462.9365483,True,False,-5.40962632,-2.1173190340000003,3.292307286,,0.122589,-0.071053,0.193642,-1.3636363636361506e-07,1.0,0.0,0.0,100.0,-462.9132207,True,-4.942134468,-2.1173190340000003,2.824815434,0.6347766546404352,,0.0,-5.40962632,-2.1173190340000003,3.292307286,0.6931471805599453,0.0,0.193642,0.193642,0,0,0,0,0,0,1,0,0,1,1,0,0,0,0,0,0,0,0,0,0,0,0,0,0,0,1,1,0,0,0,0,0,0,0,0,0,0,0,0,0,0,0,0,1,1,1.0,4.0,-0.5,0.0,1.0,-1.0,0.0,0.1,-21.63850528,2.1173190340000003,3.292274363256367,-462.9365483,0.0,0.7876921858000001,0
sesquifulvalene,cation,True,conf_1,-462.7547892,True,True,-6.487741988,-3.1649579340000003,3.322784054,,,,,,1.0,0.0,0.0,100.0,,,,,,,,0.181759100000022,-6.487741988,-3.1649579340000003,3.3227840539999995,0.6931471805599453,0.0,,,0,0,0,0,0,0,0,1,0,1,1,0,0,0,0,0,0,0,0,0,0,0,0,0,0,0,1,1,0,0,0,0,0,0,0,0,0,0,0,0,0,0,0,0,1,1,1.0,4.0,-0.5,0.0,1.0,-1.0,0.0,0.1,-25.950967952,3.1649579340000003,3.3227508264917343,-462.7547892,0.0,0.7968352161999999,0
sesquifulvalene,triplet,True,conf_1,-462.8894088,True,True,-4.17967104,-1.89255287,2.28711817,,,,,,1.0,0.0,0.0,100.0,,,,,,,1.28273179030039,0.0471395000000143,-4.17967104,-1.89255287,2.2871181699999994,0.6931471805599453,0.0,,,0,0,0,0,0,0,0,0,1,1,1,0,0,0,0,0,0,0,0,0,0,0,0,0,0,0,1,1,0,0,0,0,0,0,0,0,0,0,0,0,0,0,0,0,1,1,1.0,4.0,-0.5,0.0,1.0,-1.0,0.0,0.1,-16.71868416,1.89255287,2.287095299047009,-462.8894088,0.0,0.48613545099999994,0
5ring_ome_3ring_cn_out,neutral,True,conf_1,-721.35651,True,True,-5.66269234,-3.4161191560000006,2.246573184,,0.206007,-0.329284,0.535291,4.16666666668529e-08,2.0,720.38,0.0,100.0,-721.333983,True,-5.084994318000001,-3.4161191560000006,1.668875162,0.612991207799135,,0.0,-5.66269234,-3.4161191560000006,2.246573184,1.0986122886681098,6.581166044214873,0.535291,0.535291,0,0,1,1,0,1,1,0,0,1,4,2,1,1,0,0,1,0,1,1,0,0,0,0,1,1,0,0,0,0,0,0,0,0,0,0,1,1,0,0,0,0,0,0,3,5,13.0,6.2,-0.5,1.5,3.0,-1.5,10.0,4.0,-35.108692508000004,5.124178734000001,0.2042337401511453,-55.488962307692304,0.0,0.47397195519999996,0
5ring_ome_3ring_cn_out,cation,True,conf_4,-721.1664554,True,True,-6.412094296,-3.837079514,2.575014782,,,,,,4.0,566.64,566.64,0.0,,,,,,,,0.1900545999999394,-6.412094296,-3.837079514,2.575014782,1.6094379124341005,6.341487414966337,,,0,0,1,1,0,1,0,1,0,1,4,2,1,1,0,0,1,0,1,1,0,0,0,0,1,1,0,0,0,0,0,0,0,0,0,0,1,1,0,0,0,0,0,0,3,5,13.0,6.2,-0.5,1.5,3.0,-1.5,10.0,4.0,-39.7549846352,5.7556192710000005,0.2340920400981453,-55.47434272307692,0.0,0.5725044345999999,0
5ring_ome_3ring_cn_out,triplet,True,conf_1,-721.3345498,True,True,-5.124722962,-1.7820745860000002,3.342648376,,,,,,2.0,649.47,0.0,100.0,,,,,,,0.5975677862790963,0.0219601999999667,-5.124722962,-1.7820745860000002,3.342648376,1.0986122886681098,6.477695178518591,,,0,0,1,1,0,1,0,0,1,1,4,2,1,1,0,0,1,0,1,1,0,0,0,0,1,1,0,0,0,0,0,0,0,0,0,0,1,1,0,0,0,0,0,0,3,5,13.0,6.2,-0.5,1.5,3.0,-1.5,10.0,4.0,-31.7732823644,2.6731118790000004,0.3038768488392283,-55.48727306153846,0.0,0.8027945128,0
f_oh_cn,neutral,True,conf_1,-841.1012,True,True,-5.031659974,-3.585918292000001,1.4457416819999995,,0.227006,-0.27549,0.502496,-1.111111111019704e-07,2.0,2513.17,0.0,100.0,-841.0926321,True,-4.598998714,-3.585918292000001,1.0130804219999996,0.2331445540600745,,0.0,-5.031659974,-3.585918292000001,1.445741681999999,1.0986122886681098,7.829698008184579,0.502496,0.502496,0,1,1,0,0,0,1,0,0,1,3,0,0,0,0,0,0,0,1,1,0,0,1,1,0,0,1,1,0,0,0,0,0,0,0,0,0,0,0,0,0,0,0,0,3,3,3.5,10.5,-3.5,1.0,4.0,-3.0,3.0,0.1,-52.832429727000005,10.757754876000003,0.3614345169137075,-240.31462857142856,0.0,0.23372250459999983,0
f_oh_cn,cation,True,conf_1,-840.9359015,True,True,-6.21100205,-3.916808916,2.294193134,,,,,,2.0,2508.78,0.0,100.0,,,,,,,,0.1652984999999489,-6.21100205,-3.916808916,2.2941931340000004,1.0986122886681098,7.827950378882006,,,0,1,1,0,0,0,0,1,0,1,3,0,0,0,0,0,0,0,1,1,0,0,1,1,0,0,1,1,0,0,0,0,0,0,0,0,0,0,0,0,0,0,0,0,3,3,3.5,10.5,-3.5,1.0,4.0,-3.0,3.0,0.1,-65.215521525,11.750426748,0.573546849632876,-240.26740042857145,0.0,0.48825794019999996,0
f_oh_cn,triplet,True,conf_1,-841.096073,True,False,-4.81913894,-2.142081408,2.6770575320000005,,,,,,3.0,499.5,0.0,100.0,,,,,,,0.1395128477973382,0.0051269999999021,-4.81913894,-2.142081408,2.677057532,1.3862943611198906,6.215607598755275,,,0,1,1,0,0,0,0,0,1,1,3,0,0,0,0,0,0,0,1,1,0,0,1,1,0,0,1,1,0,0,0,0,0,0,0,0,0,0,0,0,0,0,0,0,3,3,3.5,10.5,-3.5,1.0,4.0,-3.0,3.0,0.1,-50.60095887,6.426244224,0.6692627098432254,-240.3131637142857,0.0,0.6031172596000001,0
cf3_oh_cn_v2,neutral,True,conf_2,-1316.3981013,True,True,-5.6142560480000006,-3.701022514,1.9132335340000004,,0.534987,-0.271654,0.8066409999999999,4.166666667249076e-08,3.0,3588.72,629.39,0.0,-1316.38952782,False,,,,0.2332963936718767,,0.0,-5.6142560480000006,-3.701022514,1.9132335340000008,1.3862943611198906,8.18582948401163,0.8066409999999999,0.8066409999999999,0,1,1,0,0,0,1,0,0,1,4,0,0,0,0,0,0,0,1,1,0,0,1,1,0,0,1,1,0,0,0,0,1,1,0,0,0,0,0,0,0,0,0,0,4,4,6.5,13.0,-1.5,1.0,6.5,-5.5,3.0,0.1,-72.985328624,20.355623827,0.4783071877320308,-202.52278481538465,0.0,0.37397006020000007,0
cf3_oh_cn_v2,cation,True,conf_2,-1316.2116766,True,True,-6.708426442,-4.037083304,2.671343138,,,,,,7.0,4669.29,180.72,0.0,,,,,,,,0.1864247000000887,-6.708426442,-4.037083304,2.671343138,2.079441541679836,8.448976447235982,,,0,1,1,0,0,0,0,1,0,1,4,0,0,0,0,0,0,0,1,1,0,0,1,1,0,0,1,1,0,0,0,0,1,1,0,0,0,0,0,0,0,0,0,0,4,4,6.5,13.0,-1.5,1.0,6.5,-5.5,3.0,0.1,-87.20954374600001,22.203958172,0.6678341149147128,-202.49410409230768,0.0,0.6014029414,0
cf3_oh_cn_v2,triplet,True,conf_1,-1316.376899,True,True,-4.941590240000001,-2.335010234,2.6065800060000006,,,,,,,,,,,,,,,,0.5769442662176468,0.0212022999999135,-4.941590240000001,-2.335010234,2.606580006000001,,,,,0,1,1,0,0,0,0,0,1,1,4,0,0,0,0,0,0,0,1,1,0,0,1,1,0,0,1,1,0,0,0,0,1,1,0,0,0,0,0,0,0,0,0,0,4,4,6.5,13.0,-1.5,1.0,6.5,-5.5,3.0,0.1,-64.24067312000001,12.842556287,0.6516433723915693,-202.51952292307692,0.0,0.5819740018000001,0
5ring_nh2_in,neutral,True,conf_1,-418.773,True,True,-4.029736226,-0.742054878,3.287681348,,0.130705,-0.179076,0.309781,5.5555555556382106e-08,1.0,0.0,0.0,100.0,-418.726415731,False,-3.977762452,-0.742054878,3.235707574,1.2676231774679598,,0.0,-4.029736226,-0.742054878,3.287681348,0.6931471805599453,0.0,0.309781,0.309781,1,0,0,0,0,1,1,0,0,1,2,1,1,0,0,1,0,0,0,0,1,1,0,0,0,0,0,0,0,0,0,0,0,0,0,0,0,0,0,0,0,0,0,0,1,2,6.5,3.0,-2.0,2.0,0.1,1.9,6.0,2.0,-12.089208678,-1.4099042682,0.4696680930455813,-64.42661538461539,0.0,0.7863044044,0
5ring_nh2_in,cation,True,conf_1,-418.6537,True,False,-4.689340562000001,-1.257983022,3.4313575400000005,,,,,,1.0,0.0,0.0,100.0,,,,,,,,0.1193000000000097,-4.689340562000001,-1.257983022,3.431357540000001,0.6931471805599453,0.0,,,1,0,0,0,0,1,0,1,0,1,2,1,1,0,0,1,0,0,0,0,1,1,0,0,0,0,0,0,0,0,0,0,0,0,0,0,0,0,0,0,0,0,0,0,1,2,6.5,3.0,-2.0,2.0,0.1,1.9,6.0,2.0,-14.068021686000002,-2.3901677418,0.4901932340096658,-64.40826153846155,0.0,0.8294072620000001,0
5ring_nh2_in,triplet,True,conf_2,-418.7398984,True,True,-3.74020693,-0.30884939,3.43135754,,,,,,3.0,1805.97,136.17,0.0,,,,,,,0.9007408782402464,0.033101600000009,-3.74020693,-0.30884939,3.43135754,1.3862943611198906,7.499406688351479,,,1,0,0,0,0,1,0,0,1,1,2,1,1,0,0,1,0,0,0,0,1,1,0,0,0,0,0,0,0,0,0,0,0,0,0,0,0,0,0,0,0,0,0,0,1,2,6.5,3.0,-2.0,2.0,0.1,1.9,6.0,2.0,-11.22062079,-0.586813841,0.4901932340096657,-64.42152283076923,0.0,0.8294072619999999,0
5ring_oh_3ring_cn_out,neutral,True,conf_1,-642.808143,True,True,-5.58650042,-3.4150307,2.17146972,,0.231738,-0.276474,0.508212,-2.5057116875220546e-18,4.0,3441.26,0.0,100.0,-642.7869243,True,-5.055333892,-3.4150307,1.640303192,0.5773905331789949,,0.0,-5.58650042,-3.4150307,2.17146972,1.6094379124341005,8.143883511396883,0.508212,0.508212,0,1,1,0,0,1,1,0,0,1,3,2,1,1,0,0,1,0,1,1,0,0,1,1,0,0,0,0,0,0,0,0,0,0,0,0,0,0,0,0,0,0,0,0,2,4,11.0,6.5,-3.0,1.0,3.0,-2.0,11.0,4.0,-36.31225273,6.8300614,0.1809556592036173,-58.43710390909091,0.0,0.45144091599999997,0
5ring_oh_3ring_cn_out,cation,True,conf_1,-642.621023,True,True,-6.507062082000001,-3.7823846,2.724677482,,,,,,3.0,3550.45,0.0,100.0,,,,,,,,0.1871199999999362,-6.507062082000001,-3.7823846,2.724677482000001,1.3862943611198906,8.175111249780405,,,0,1,1,0,0,1,0,1,0,1,3,2,1,1,0,0,1,0,1,1,0,0,1,1,0,0,0,0,0,0,0,0,0,0,0,0,0,0,0,0,0,0,0,0,2,4,11.0,6.5,-3.0,1.0,3.0,-2.0,11.0,4.0,-42.29590353300001,7.5647692,0.227056267619777,-58.420093,0.0,0.6174032446,0
5ring_oh_3ring_cn_out,triplet,True,conf_1,-642.7856285,True,True,-5.134246952,-1.814184038,3.320062914,,,,,,3.0,4274.59,0.0,100.0,,,,,,,0.612651065298447,0.0225144999999429,-5.134246952,-1.814184038,3.320062914,1.3862943611198906,8.36067738354403,,,0,1,1,0,0,1,0,0,1,1,3,2,1,1,0,0,1,0,1,1,0,0,1,1,0,0,0,0,0,0,0,0,0,0,0,0,0,0,0,0,0,0,0,0,2,4,11.0,6.5,-3.0,1.0,3.0,-2.0,11.0,4.0,-33.372605188,3.628368076,0.2766716789402675,-58.43505713636364,0.0,0.7960188742000001,0
calicene,neutral,True,conf_1,-308.1314432,True,True,-5.57969757,-0.905867506,4.673830064000001,,0.198538,-0.056204,0.2547419999999999,2.4781763942525816e-18,1.0,0.0,0.0,100.0,-308.078929,True,-4.985944822,-0.905867506,4.080077316000001,1.4289849018789629,,0.0,-5.57969757,-0.905867506,4.673830064000001,0.6931471805599453,0.0,0.2547419999999999,0.2547419999999999,0,0,0,0,0,0,1,0,0,1,0,0,0,0,0,0,0,0,0,0,0,0,0,0,0,0,0,0,0,0,0,0,0,0,0,0,0,0,0,0,0,0,0,0,0,0,1.0,0.0,0.0,0.0,0.1,-0.1,0.0,0.1,-0.5579697570000001,0.0905867506,4.673783326166738,-308.1314432,0.0,1.2021490192000002,0
calicene,cation,True,conf_1,-307.9464592,True,True,-7.139182904,-2.300995984,4.83818692,,,,,,1.0,0.0,0.0,100.0,,,,,,,,0.1849839999999858,-7.139182904,-2.300995984,4.83818692,0.6931471805599453,0.0,,,0,0,0,0,0,0,0,1,0,1,0,0,0,0,0,0,0,0,0,0,0,0,0,0,0,0,0,0,0,0,0,0,0,0,0,0,0,0,0,0,0,0,0,0,0,0,1.0,0.0,0.0,0.0,0.1,-0.1,0.0,0.1,-0.7139182904000001,0.2300995984,4.838138538614613,-307.9464592,0.0,1.251456076,0
calicene,triplet,True,conf_2,-308.0840743,True,True,-4.935603732000001,-0.792940196,4.142663536000001,,,,,,4.0,2279.74,237.2,0.0,,,,,,,1.288974085459479,0.0473688999999808,-4.935603732000001,-0.792940196,4.142663536000001,1.6094379124341005,7.732255230693337,,,0,0,0,0,0,0,0,0,1,1,0,0,0,0,0,0,0,0,0,0,0,0,0,0,0,0,0,0,0,0,0,0,0,0,0,0,0,0,0,0,0,0,0,0,0,0,1.0,0.0,0.0,0.0,0.1,-0.1,0.0,0.1,-0.4935603732,0.0792940196,4.142622109778903,-308.0840743,0.0,1.0427990608000002,0
5ring_oh_3ring_cn_both,neutral,True,conf_2,-793.134722,True,True,-4.560086412,-3.490950506,1.0691359060000003,,0.224897,-0.286746,0.5116430000000001,-4.999999999866224e-08,7.0,4932.22,1865.58,0.0,-793.126585348,False,-4.48579929,-3.490950506,0.9948487840000004,0.2214096922317643,,0.0,-4.560086412,-3.490950506,1.0691359060000003,2.079441541679836,8.503747197847241,0.5116430000000001,0.5116430000000001,0,1,1,0,0,1,1,0,0,1,3,2,1,1,0,0,0,1,1,1,0,0,1,1,0,0,0,0,0,0,0,0,0,0,0,0,0,0,0,0,0,0,0,0,2,4,11.0,6.5,-3.0,1.0,3.0,-2.0,11.0,4.0,-29.640561678000005,6.981901012,0.0890945845878462,-72.10315654545455,0.0,0.12074077180000009,0
5ring_oh_3ring_cn_both,cation,True,conf_1,-792.9886013,True,True,-5.66269234,-3.742111728,1.920580612,,,,,,8.0,4407.62,0.0,100.0,,,,,,,,0.1461206999999831,-5.66269234,-3.742111728,1.9205806120000009,2.19722457733622,8.391316994299526,,,0,1,1,0,0,1,0,1,0,1,3,2,1,1,0,0,0,1,1,1,0,0,1,1,0,0,0,0,0,0,0,0,0,0,0,0,0,0,0,0,0,0,0,0,2,4,11.0,6.5,-3.0,1.0,3.0,-2.0,11.0,4.0,-36.80750021,7.484223456,0.1600482509597909,-72.08987284545455,0.0,0.37617418359999993,0
5ring_oh_3ring_cn_both,triplet,True,conf_1,-793.1428844,True,True,-4.649884032,-1.84493292,2.8049511120000004,,,,,,8.0,4821.15,0.0,100.0,,,,,,,-0.2221103313585442,-0.0081623999999465,-4.649884032,-1.84493292,2.8049511120000004,2.19722457733622,8.480975165681595,,,0,1,1,0,0,1,0,0,1,1,3,2,1,1,0,0,0,1,1,1,0,0,1,1,0,0,0,0,0,0,0,0,0,0,0,0,0,0,0,0,0,0,0,0,2,4,11.0,6.5,-3.0,1.0,3.0,-2.0,11.0,4.0,-30.224246208,3.68986584,0.2337457312118906,-72.10389858181817,0.0,0.6414853336000002,0
5ring_cn_in,neutral,True,conf_1,-492.509538,True,True,-6.309235204,-2.220994468,4.088240736,,0.176723,-0.134456,0.311179,-1.2499999999925765e-07,1.0,0.0,0.0,100.0,-492.4973367,True,-5.96201774,-2.220994468,3.741023272,0.3320144548204131,,0.0,-6.309235204,-2.220994468,4.088240736,0.6931471805599453,0.0,0.311179,0.311179,0,0,1,0,0,1,1,0,0,1,2,1,1,0,0,1,0,0,1,1,0,0,0,0,0,0,0,0,0,0,0,0,0,0,0,0,0,0,0,0,0,0,0,0,1,2,7.0,3.5,-1.0,0.0,3.0,-3.0,7.0,2.0,-22.082323214,6.662983404,0.5110294532131835,-70.35850542857143,0.0,1.0264722208000001,0
5ring_cn_in,cation,True,conf_1,-492.291841,True,,-7.756609570000001,-3.4182960680000005,4.338313502000001,,,,,,1.0,0.0,0.0,100.0,,,,,,,,0.2176970000000437,-7.756609570000001,-3.4182960680000005,4.338313502,0.6931471805599453,0.0,,,0,0,1,0,0,1,0,1,0,1,2,1,1,0,0,1,0,0,1,1,0,0,0,0,0,0,0,0,0,0,0,0,0,0,0,0,0,0,0,0,0,0,0,0,1,2,7.0,3.5,-1.0,0.0,3.0,-3.0,7.0,2.0,-27.148133495000003,10.254888204000002,0.5422885098893627,-70.32740585714285,0.0,1.1014940506000004,0
5ring_cn_in,triplet,True,conf_1,-492.477145236,False,,-5.930452516,-3.6373478380000006,2.293104678,,,,,,4.0,4076.3,0.0,100.0,,,,,,,0.881452458309815,0.0323927640000079,-5.930452516,-3.6373478380000006,2.2931046779999997,1.6094379124341005,8.313190283629412,,,0,0,1,0,0,1,0,0,1,1,2,1,1,0,0,1,0,0,1,1,0,0,0,0,0,0,0,0,0,0,0,0,0,0,0,0,0,0,0,0,0,0,0,0,1,2,7.0,3.5,-1.0,0.0,3.0,-3.0,7.0,2.0,-20.756583806,10.912043514000002,0.2866377264528418,-70.35387789085715,0.0,0.4879314034,0
CLOFUL,neutral,True,conf_1,-2607.873221,True,True,,,,,0.092371,-0.098177,0.190548,-2.9411764706013813e-08,,,,,,False,,,,,,0.0,,,,,,0.190548,0.190548,0,0,0,0,0,0,1,0,0,1,0,0,0,0,0,0,0,0,0,0,0,0,0,0,0,0,1,1,0,0,0,0,0,0,0,0,0,0,0,0,0,0,0,0,1,1,1.0,4.0,-0.5,0.0,1.0,-1.0,0.0,0.1,,,,-2607.873221,0.0,,0
CLOFUL,cation,True,conf_1,-2607.6841035,True,True,,,,,,,,,,,,,,,,,,,,0.189117499999611,,,,,,,,0,0,0,0,0,0,0,1,0,1,0,0,0,0,0,0,0,0,0,0,0,0,0,0,0,0,1,1,0,0,0,0,0,0,0,0,0,0,0,0,0,0,0,0,1,1,1.0,4.0,-0.5,0.0,1.0,-1.0,0.0,0.1,,,,-2607.6841035,0.0,,0
CLOFUL,triplet,True,conf_1,-2607.7930512,True,False,,,,,,,,,,,,,,,,,,,2.181532495720585,0.0801698000000215,,,,,,,,0,0,0,0,0,0,0,0,1,1,0,0,0,0,0,0,0,0,0,0,0,0,0,0,0,0,1,1,0,0,0,0,0,0,0,0,0,0,0,0,0,0,0,0,1,1,1.0,4.0,-0.5,0.0,1.0,-1.0,0.0,0.1,,,,-2607.7930512,0.0,,0
5ring_oh_in,neutral,True,conf_1,-458.4697624,True,True,-4.566617148,-0.832396726,3.734220422,,0.218681,-0.259631,0.4783119999999999,1.25000000000125e-07,3.0,2279.74,0.0,100.0,-458.430565889,True,-3.735036764,-0.832396726,2.902640038,1.0665919394254029,,0.0,-4.566617148,-0.832396726,3.734220422,1.3862943611198906,7.732255230693337,0.4783119999999999,0.4783119999999999,0,1,0,0,0,1,1,0,0,1,2,1,1,0,0,1,0,0,0,0,0,0,1,1,0,0,0,0,0,0,0,0,0,0,0,0,0,0,0,0,0,0,0,0,1,2,6.0,3.0,-2.0,1.0,0.1,0.9,6.0,2.0,-13.699851444,-0.7491570534,0.5334592982010026,-76.41162706666667,0.0,0.9202661266000001,0
5ring_oh_in,cation,True,conf_1,-458.3225402,True,True,-5.722285306000001,-1.7080595780000003,4.014225728,,,,,,3.0,2982.55,0.0,100.0,,,,,,,,0.1472221999999874,-5.722285306000001,-1.7080595780000003,4.014225728,1.3862943611198906,8.000869145661998,,,0,1,0,0,0,1,0,1,0,1,2,1,1,0,0,1,0,0,0,0,0,0,1,1,0,0,0,0,0,0,0,0,0,0,0,0,0,0,0,0,0,0,0,0,1,2,6.0,3.0,-2.0,1.0,0.1,0.9,6.0,2.0,-17.166855918000003,-1.5372536202000002,0.5734599990571443,-76.38709003333334,0.0,1.0042677184000002,0
5ring_oh_in,triplet,True,conf_7,-458.4547919,True,True,-4.975876604,-1.12655196,3.849324644,,,,,,7.0,4839.98,4839.98,0.0,,,,,,,0.4073682637001087,0.0149705000000039,-4.975876604,-1.12655196,3.849324644,2.079441541679836,8.484872458553346,,,0,1,0,0,0,1,0,0,1,1,2,1,1,0,0,1,0,0,0,0,0,0,1,1,0,0,0,0,0,0,0,0,0,0,0,0,0,0,0,0,0,0,0,0,1,2,6.0,3.0,-2.0,1.0,0.1,0.9,6.0,2.0,-14.927629812,-1.013896764,0.5499027349960929,-76.40913198333332,0.0,0.9547973932,0
5ring_oh_3ring_cn_in,neutral,True,conf_1,-642.802,True,True,-4.869752144,-3.569863566,1.2998885780000002,,0.225253,-0.276387,0.50164,1.1111111111122227e-07,3.0,2847.64,0.0,100.0,-642.7953011,True,-4.5064799540000005,-3.569863566,0.9366163880000002,0.1822864474616421,,0.0,-4.869752144,-3.569863566,1.2998885779999996,1.3862943611198906,7.954596966387434,0.50164,0.50164,0,1,1,0,0,1,1,0,0,1,3,2,1,1,0,1,0,0,1,1,0,0,1,1,0,0,0,0,0,0,0,0,0,0,0,0,0,0,0,0,0,0,0,0,2,4,11.0,6.5,-3.0,1.0,3.0,-2.0,11.0,4.0,-31.653388936,7.139727132,0.1083239578967017,-58.43654545454546,0.0,0.18996657340000006,0
5ring_oh_3ring_cn_in,cation,True,conf_1,-642.64402,True,True,-6.022427048,-3.850957328,2.17146972,,,,,,2.0,2604.79,0.0,100.0,,,,,,,,0.1579800000000659,-6.022427048,-3.850957328,2.17146972,1.0986122886681098,7.865491171168406,,,0,1,1,0,0,1,0,1,0,1,3,2,1,1,0,1,0,0,1,1,0,0,1,1,0,0,0,0,0,0,0,0,0,0,0,0,0,0,0,0,0,0,0,0,2,4,11.0,6.5,-3.0,1.0,3.0,-2.0,11.0,4.0,-39.145775812,7.701914656,0.1809556592036173,-58.422183636363634,0.0,0.45144091599999997,0
5ring_oh_3ring_cn_in,triplet,True,conf_2,-642.80251,True,True,-4.779410296,-2.02588873,2.753521566,,,,,,3.0,2620.48,993.35,0.0,,,,,,,-0.0138778139989912,-0.0005099999999629,-4.779410296,-2.02588873,2.753521566,1.3862943611198906,7.871494322763572,,,0,1,1,0,0,1,0,0,1,1,3,2,1,1,0,1,0,0,1,1,0,0,1,1,0,0,0,0,0,0,0,0,0,0,0,0,0,0,0,0,0,0,0,0,2,4,11.0,6.5,-3.0,1.0,3.0,-2.0,11.0,4.0,-31.066166924,4.05177746,0.2294599392833839,-58.43659181818182,0.0,0.6260564698,0
sesqui_7ring_2NN+,neutral,True,conf_2,-680.5002276,True,True,-5.761741836000001,-3.004954902,2.7567869340000004,,0.280713,-0.384561,0.6652739999999999,4.1666666670756025e-08,3.0,1781.5,1463.35,0.0,-680.481985,True,-5.470035628000001,-3.004954902,2.465080726,0.4964066856402114,,0.0,-5.761741836000001,-3.004954902,2.7567869340000004,1.3862943611198906,7.485772152288451,0.6652739999999999,0.6652739999999999,0,0,0,0,0,1,1,0,0,1,1,1,0,0,1,0,0,0,0,0,0,0,0,0,0,0,0,0,0,0,0,0,0,0,0,0,0,0,0,0,0,0,1,1,1,2,9.0,4.5,-3.0,0.0,3.0,-3.0,8.5,2.0,-25.927838262,9.014864706,0.2901877928549549,-75.6111364,0.0,0.6270360802000001,0
sesqui_7ring_2NN+,cation,True,conf_3,-680.3307885,True,True,-6.4333191880000005,-4.098036840000001,2.335282348,,,,,,3.0,5012.54,5012.54,0.0,,,,,,,,0.1694390999999768,-6.4333191880000005,-4.098036840000001,2.335282348,1.3862943611198906,8.519897531390315,,,0,0,0,0,0,1,0,1,0,1,1,1,0,0,1,0,0,0,0,0,0,0,0,0,0,0,0,0,0,0,0,0,0,0,0,0,0,0,0,0,0,0,1,1,1,2,9.0,4.5,-3.0,0.0,3.0,-3.0,8.5,2.0,-28.949936346,12.294110520000002,0.2458189357695412,-75.59230983333333,0.0,0.5005847043999998,0
sesqui_7ring_2NN+,triplet,True,conf_2,-680.4846761,True,True,-4.632196622,-1.811735012,2.82046161,,,,,,3.0,4494.85,2466.74,0.0,,,,,,,0.4231780871004093,0.015551500000015,-4.632196622,-1.811735012,2.8204616100000006,1.3862943611198906,8.410910028027647,,,0,0,0,0,0,1,0,0,1,1,1,1,0,0,1,0,0,0,0,0,0,0,0,0,0,0,0,0,0,0,0,0,0,0,0,0,0,0,0,0,0,0,1,1,1,2,9.0,4.5,-3.0,0.0,3.0,-3.0,8.5,2.0,-20.844884799000003,5.435205036,0.2968903832732808,-75.60940845555555,0.0,0.6461384830000001,0
5ring_nh2_3ring_cn_out,neutral,True,conf_1,-603.1179697,True,True,-5.0749261,-3.31706966,1.7578564400000003,,0.186476,-0.283416,0.469892,9.999999999593669e-08,2.0,828.94,0.0,100.0,-603.09785721,False,-4.511922234000001,-3.31706966,1.1948525740000004,0.5472890103852941,,0.0,-5.0749261,-3.31706966,1.75785644,1.0986122886681098,6.72135340902103,0.469892,0.469892,1,0,1,0,0,1,1,0,0,1,3,2,1,1,0,0,1,0,1,1,1,1,0,0,0,0,0,0,0,0,0,0,0,0,0,0,0,0,0,0,0,0,0,0,2,4,11.5,6.5,-3.0,2.0,3.0,-1.0,11.0,4.0,-32.98701965,3.31706966,0.1464879145934045,-52.44504084347826,0.0,0.3273569320000001,0
5ring_nh2_3ring_cn_out,cation,True,conf_1,-602.952027,True,True,-5.821606916,-3.923067538,1.898539378,,,,,,1.0,0.0,0.0,100.0,,,,,,,,0.1659426999999596,-5.821606916,-3.923067538,1.898539378,0.6931471805599453,0.0,,,1,0,1,0,0,1,0,1,0,1,3,2,1,1,0,0,1,0,1,1,1,1,0,0,0,0,0,0,0,0,0,0,0,0,0,0,0,0,0,0,0,0,0,0,2,4,11.5,6.5,-3.0,2.0,3.0,-1.0,11.0,4.0,-37.840444954000006,3.923067538,0.1582114829904308,-52.430611043478265,0.0,0.3695618134,0
5ring_nh2_3ring_cn_out,triplet,True,conf_1,-603.1111678,True,True,-4.88988858,-1.5472402040000002,3.342648376,,,,,,1.0,0.0,0.0,100.0,,,,,,,0.185089221660753,0.0068019000000276,-4.88988858,-1.5472402040000002,3.342648376,0.6931471805599453,0.0,,,1,0,1,0,0,1,0,0,1,1,3,2,1,1,0,0,1,0,1,1,1,1,0,0,0,0,0,0,0,0,0,0,0,0,0,0,0,0,0,0,0,0,0,0,2,4,11.5,6.5,-3.0,2.0,3.0,-1.0,11.0,4.0,-31.78427577,1.5472402040000002,0.2785537992051673,-52.44444937391304,0.0,0.8027945128,0
3ring_oh,neutral,True,conf_1,-458.4851129,True,True,-5.379421666000001,-0.580691276,4.79873039,,0.258399,-0.165959,0.424358,3.469446951953614e-18,3.0,2922.94,0.0,100.0,-458.46450018,True,-4.874650196,-0.580691276,4.29395892,0.5609009690072969,,0.0,-5.379421666000001,-0.580691276,4.798730390000001,1.3862943611198906,7.980687300823293,0.424358,0.424358,0,1,0,0,0,1,1,0,0,1,2,1,0,1,0,0,0,0,0,0,0,0,1,1,0,0,0,0,0,0,0,0,0,0,0,0,0,0,0,0,0,0,0,0,1,2,4.0,3.0,-2.0,1.0,0.1,0.9,4.0,2.0,-16.138264998000004,-0.5226221484000001,0.9597441585116832,-114.621278225,0.0,1.2396191170000002,0
3ring_oh,cation,True,conf_3,-458.308091,True,True,-6.677949674,-1.509688472,5.168261202,,,,,,3.0,914.91,914.91,0.0,,,,,,,,0.1770218999999997,-6.677949674,-1.509688472,5.168261202,1.3862943611198906,6.819918106571852,,,0,1,0,0,0,1,0,1,0,1,2,1,0,1,0,0,0,0,0,0,0,0,1,1,0,0,0,0,0,0,0,0,0,0,0,0,0,0,0,0,0,0,0,0,1,2,4.0,3.0,-2.0,1.0,0.1,0.9,4.0,2.0,-20.033849022,-1.3587196248,1.033650173099654,-114.57702275,0.0,1.3504783606,0
3ring_oh,triplet,True,conf_4,-458.39539,True,True,-4.469744564,-0.271569772,4.1981747920000005,,,,,,10.0,4717.61,465.61,0.0,,,,,,,2.4414857210591765,0.0897228999999697,-4.469744564,-0.271569772,4.198174792,2.3978952727983707,8.459269543683034,,,0,1,0,0,0,1,0,0,1,1,2,1,0,1,0,0,0,0,0,0,0,0,1,1,0,0,0,0,0,0,0,0,0,0,0,0,0,0,0,0,0,0,0,0,1,2,4.0,3.0,-2.0,1.0,0.1,0.9,4.0,2.0,-13.409233692,-0.2444127948,0.8396332791334418,-114.5988475,0.0,1.0594524376,0
5ring_nh2_both,neutral,True,conf_3,-529.4095409,True,True,-3.597619194,-0.5689903740000001,3.02862882,,0.121988,-0.177993,0.299981,1.2616170734376781e-18,5.0,2412.77,785.01,0.0,-529.357915408,False,-2.846584554,-0.5689903740000001,2.27759418,1.4048019130080114,,0.0,-3.597619194,-0.5689903740000001,3.02862882,1.791759469228055,7.788945119570644,0.299981,0.299981,1,0,0,0,0,1,1,0,0,1,2,1,1,0,0,0,0,1,0,0,1,1,0,0,0,0,0,0,0,0,0,0,0,0,0,0,0,0,0,0,0,0,0,0,1,2,6.5,3.0,-2.0,2.0,0.1,1.9,6.0,2.0,-10.792857582,-1.0810817106,0.4326606419133686,-81.44762167692308,0.0,0.7085886459999999,0
5ring_nh2_both,cation,True,conf_1,-529.3041835,True,True,-4.12524824,-0.914030926,3.211217314,,,,,,2.0,405.37,0.0,100.0,,,,,,,,0.1053574000000026,-4.12524824,-0.914030926,3.211217314,1.0986122886681098,6.007264074641886,,,1,0,0,0,0,1,0,1,0,1,2,1,1,0,0,0,0,1,0,0,1,1,0,0,0,0,0,0,0,0,0,0,0,0,0,0,0,0,0,0,0,0,0,0,1,2,6.5,3.0,-2.0,2.0,0.1,1.9,6.0,2.0,-12.37574472,-1.7366587594,0.4587446752218926,-81.43141284615385,0.0,0.7633651941999999,0
5ring_nh2_both,triplet,True,conf_3,-529.3827435,True,True,-3.524420528,-0.157281892,3.367138636,,,,,,13.0,4003.51,311.24,0.0,,,,,,,0.729194770362114,0.0267974000000776,-3.524420528,-0.157281892,3.367138636,2.6390573296152584,8.295176504951279,,,1,0,0,0,0,1,0,0,1,1,2,1,1,0,0,0,0,1,0,0,1,1,0,0,0,0,0,0,0,0,0,0,0,0,0,0,0,0,0,0,0,0,0,0,1,2,6.5,3.0,-2.0,2.0,0.1,1.9,6.0,2.0,-10.573261584,-0.2988355948,0.4810191179726886,-81.44349899999999,0.0,0.8101415908,0
5ring_oh_out,neutral,True,conf_1,-458.4713108,True,True,-5.144043056000001,-0.686543622,4.457499434000001,,0.22413,-0.254976,0.479106,6.249999999962882e-08,4.0,3096.76,0.0,100.0,-458.416007521,True,-4.584576672,-0.686543622,3.89803305,1.5048796461817688,,0.0,-5.144043056000001,-0.686543622,4.457499434000001,1.6094379124341005,8.038434548640856,0.479106,0.479106,0,1,0,0,0,1,1,0,0,1,2,1,1,0,0,0,1,0,0,0,0,0,1,1,0,0,0,0,0,0,0,0,0,0,0,0,0,0,0,0,0,0,0,0,1,2,6.0,3.0,-2.0,1.0,0.1,0.9,6.0,2.0,-15.432129168000005,-0.6178892598,0.6367847237361091,-76.41188513333334,0.0,1.1372498302000003,0
5ring_oh_out,cation,True,conf_1,-458.2990555,True,True,-6.213995304000001,-1.7268354440000002,4.48715986,,,,,,3.0,3630.14,0.0,100.0,,,,,,,,0.1722553000000175,-6.213995304000001,-1.7268354440000002,4.48715986,1.3862943611198906,8.197301927542425,,,0,1,0,0,0,1,0,1,0,1,2,1,1,0,0,0,1,0,0,0,0,0,1,1,0,0,0,0,0,0,0,0,0,0,0,0,0,0,0,0,0,0,0,0,1,2,6.0,3.0,-2.0,1.0,0.1,0.9,6.0,2.0,-18.641985912000003,-1.5541518996000003,0.6410219213972552,-76.38317591666667,0.0,1.146147958,0
5ring_oh_out,triplet,True,conf_2,-458.474626,True,True,-4.066199502000001,0.308033048,4.37423255,,,,,,19.0,5008.15,414.78,0.0,,,,,,,-0.0902112332793071,-0.0033151999999745,-4.066199502000001,0.308033048,4.37423255,2.995732273553991,8.519021519006266,,,0,1,0,0,0,1,0,0,1,1,2,1,1,0,0,0,1,0,0,0,0,0,1,1,0,0,0,0,0,0,0,0,0,0,0,0,0,0,0,0,0,0,0,0,1,2,6.0,3.0,-2.0,1.0,0.1,0.9,6.0,2.0,-12.198598506000003,0.2772297432,0.6248894715864692,-76.41243766666666,0.0,1.1122697650000002,0
5ring_sh_3ring_cn_in_v2,neutral,True,conf_3,-1288.64464669,False,,-5.501056624,-3.806330632,1.6947259920000002,,0.215818,-0.262548,0.478366,5.5555555553105406e-08,3.0,2420.93,2420.93,0.0,-1288.61740964,False,-4.650156146,-3.806330632,0.8438255139999995,0.7411582623683591,,0.0,-5.501056624,-3.806330632,1.6947259920000004,1.3862943611198906,7.79232002196127,0.478366,0.478366,0,0,1,0,0,1,1,0,0,1,3,2,1,1,0,1,0,0,1,1,0,0,0,0,0,0,0,0,1,1,0,0,0,0,0,0,0,0,0,0,0,0,0,0,2,4,11.0,5.0,-0.5,0.5,3.0,-2.5,10.0,4.0,-27.50528312,9.51582658,0.1540658592128553,-117.14951333545454,0.0,0.30841779760000004,0
5ring_sh_3ring_cn_in_v2,cation,True,conf_1,-1288.4689,True,True,-6.234403854000001,-3.999259458,2.235144396000001,,,,,,3.0,3838.47,0.0,100.0,,,,,,,,0.1757466899998689,-6.234403854000001,-3.999259458,2.235144396000001,1.3862943611198906,8.253089615222688,,,0,0,1,0,0,1,0,1,0,1,3,2,1,1,0,1,0,0,1,1,0,0,0,0,0,0,0,0,1,1,0,0,0,0,0,0,0,0,0,0,0,0,0,0,2,4,11.0,5.0,-0.5,0.5,3.0,-2.5,10.0,4.0,-31.172019270000003,9.998148645,0.2031947603683997,-117.13353636363637,0.0,0.47054331880000017,0
5ring_sh_3ring_cn_in_v2,triplet,True,conf_3,-1288.632368,True,True,-4.89397029,-2.31432957,2.5796407200000004,,,,,,3.0,1905.12,1905.12,0.0,,,,,,,0.3341203450633545,0.0122786899999027,-4.89397029,-2.31432957,2.5796407200000004,1.3862943611198906,7.552825041308908,,,0,0,1,0,0,1,0,0,1,1,3,2,1,1,0,1,0,0,1,1,0,0,0,0,0,0,0,0,1,1,0,0,0,0,0,0,0,0,0,0,0,0,0,0,2,4,11.0,5.0,-0.5,0.5,3.0,-2.5,10.0,4.0,-24.46985145,5.785823925,0.2345125795340186,-117.1483970909091,0.0,0.5738922160000002,0
5ring_nme2_3ring_nn+,neutral,True,conf_1,-793.4375748,True,True,-4.515187602,-2.5488918380000003,1.966295764,,0.245172,-0.302517,0.547689,-6.25000000000625e-08,6.0,2352.53,0.0,100.0,-793.424786658,False,,,,0.3479832472181656,,0.0,-4.515187602,-2.5488918380000003,1.966295764,1.9459101490553128,7.763671607732549,0.547689,0.547689,0,0,0,1,0,1,1,0,0,1,3,2,1,1,0,0,0,0,0,0,0,0,0,0,1,1,0,0,0,0,0,0,0,0,0,0,0,0,1,1,0,0,1,1,3,5,14.0,6.7,-1.5,2.5,3.0,-0.5,10.5,3.0,-30.251756933400003,1.274445919,0.1709820916677463,-56.67411248571428,0.0,0.3898887292,0
5ring_nme2_3ring_nn+,cation,True,conf_1,-793.3029865,True,True,-4.846350340000001,-2.9540695840000004,1.892280756,,,,,,3.0,2837.6,0.0,100.0,,,,,,,,0.1345883000000185,-4.846350340000001,-2.9540695840000004,1.8922807560000003,1.3862943611198906,7.951066251865157,,,0,0,0,1,0,1,0,1,0,1,3,2,1,1,0,0,0,0,0,0,0,0,0,0,1,1,0,0,0,0,0,0,0,0,0,0,0,0,1,1,0,0,1,1,3,5,14.0,6.7,-1.5,2.5,3.0,-0.5,10.5,3.0,-32.470547278000005,1.4770347920000002,0.1645460096121656,-56.664499035714286,0.0,0.36768422679999996,0
5ring_nme2_3ring_nn+,triplet,True,conf_1,-793.424616609,False,,-3.779935574000001,-1.913505648,1.8664299260000003,,,,,,4.0,1782.75,0.0,100.0,,,,,,,0.3526105185757341,0.0129581909999387,-3.779935574000001,-1.913505648,1.866429926000001,1.6094379124341005,7.486473168791046,,,0,0,0,1,0,1,0,0,1,1,3,2,1,1,0,0,0,0,0,0,0,0,0,0,1,1,0,0,0,0,0,0,0,0,0,0,0,0,1,1,0,0,1,1,3,5,14.0,6.7,-1.5,2.5,3.0,-0.5,10.5,3.0,-25.325568345800008,0.956752824,0.1622981133059885,-56.67318690064286,0.0,0.35992897780000005,0
3ring_bh2,neutral,True,conf_1,-358.9883139,True,True,-5.53615933,-2.2702471020000003,3.265912228,,0.180584,-0.062649,0.2432329999999999,5.555555555561113e-08,1.0,0.0,0.0,100.0,-358.9594878,True,-5.301597062,-2.2702471020000003,3.03134996,0.7843985375400927,,0.0,-5.53615933,-2.2702471020000003,3.265912228,0.6931471805599453,0.0,0.2432329999999999,0.2432329999999999,0,0,0,0,0,1,1,0,0,1,2,1,0,1,0,0,0,0,0,0,0,0,0,0,0,0,0,0,0,0,1,1,0,0,0,0,0,0,0,0,0,0,0,0,1,2,4.0,1.0,0.5,0.0,1.0,-1.0,3.0,2.0,-5.53615933,2.2702471020000003,0.8164760158099605,-89.747078475,0.0,0.7797736683999998,0
3ring_bh2,cation,True,conf_1,-358.8057463,True,True,-6.966390514,-2.43950201,4.526888504,,,,,,1.0,0.0,0.0,100.0,,,,,,,,0.1825675999999703,-6.966390514,-2.43950201,4.526888504,0.6931471805599453,0.0,,,0,0,0,0,0,1,0,1,0,1,2,1,0,1,0,0,0,0,0,0,0,0,0,0,0,0,0,0,0,0,1,1,0,0,0,0,0,0,0,0,0,0,0,0,1,2,4.0,1.0,0.5,0.0,1.0,-1.0,3.0,2.0,-6.966390514,2.43950201,1.1317192967017584,-89.701436575,0.0,1.1580665512000001,0
3ring_bh2,triplet,True,conf_1,-358.9514372,True,True,-5.164179492000001,-2.603858866,2.560320626,,,,,,1.0,0.0,0.0,100.0,,,,,,,1.0034666343798213,0.0368766999999934,-5.164179492000001,-2.603858866,2.5603206260000007,0.6931471805599453,0.0,,,0,0,0,0,0,1,0,0,1,1,2,1,0,1,0,0,0,0,0,0,0,0,0,0,0,0,0,0,0,0,1,1,0,0,0,0,0,0,0,0,0,0,0,0,1,2,4.0,1.0,0.5,0.0,1.0,-1.0,3.0,2.0,-5.164179492000001,2.603858866,0.6400785563036094,-89.7378593,0.0,0.5680961877999999,0
me_oh_cn,neutral,True,conf_2,-721.3932094,True,True,-4.678728116,-3.528502238,1.150225878,,0.219533,-0.284172,0.503705,1.3010426069826053e-18,5.0,1504.14,226.53,0.0,-721.384038307,False,-4.554372018,-3.528502238,1.0258697799999996,0.2495582800623016,,0.0,-4.678728116,-3.528502238,1.150225878,1.791759469228055,7.316641196112395,0.503705,0.503705,0,1,1,1,0,0,1,0,0,1,3,0,0,0,0,0,0,0,1,1,0,0,1,1,1,1,0,0,0,0,0,0,0,0,0,0,0,0,0,0,0,0,0,0,3,3,4.0,6.7,-2.0,1.5,3.0,-1.5,3.0,0.1,-31.3474783772,5.2927533570000005,0.2875557506106235,-180.34830235,0.0,0.1450677634,0
me_oh_cn,cation,True,conf_1,-721.2411781,True,True,-5.807456988,-3.777214434,2.0302425540000004,,,,,,4.0,3747.48,0.0,100.0,,,,,,,,0.1520313000000897,-5.807456988,-3.777214434,2.0302425540000004,1.6094379124341005,8.229105703461363,,,0,1,1,1,0,0,0,1,0,1,3,0,0,0,0,0,0,0,1,1,0,0,1,1,1,1,0,0,0,0,0,0,0,0,0,0,0,0,0,0,0,0,0,0,3,3,4.0,6.7,-2.0,1.5,3.0,-1.5,3.0,0.1,-38.9099618196,5.665821651,0.5075593696015761,-180.310294525,0.0,0.40907276620000005,0
me_oh_cn,triplet,True,conf_4,-721.3970512,True,False,-4.704034718,-1.874321232,2.829713486,,,,,,7.0,3797.06,1564.38,0.0,,,,,,,-0.1045407565177766,-0.0038417999999182,-4.704034718,-1.874321232,2.829713486,2.079441541679836,8.242245689035757,,,0,1,1,1,0,0,0,0,1,1,3,0,0,0,0,0,0,0,1,1,0,0,1,1,1,1,0,0,0,0,0,0,0,0,0,0,0,0,0,0,0,0,0,0,3,3,4.0,6.7,-2.0,1.5,3.0,-1.5,3.0,0.1,-31.5170326106,2.811481848,0.7074266029334928,-180.3492628,0.0,0.6489140458,0
sh_oh_cn,neutral,True,conf_2,-1438.9859151,True,True,-5.120913366,-3.610408552,1.510504814,,0.217739,-0.278452,0.4961909999999999,-2.0816681711721684e-18,8.0,4128.38,82.83,0.0,-1438.96526495,False,-4.454234066000001,-3.610408552,0.8438255140000003,0.5619194917144903,,0.0,-5.120913366,-3.610408552,1.510504814,2.19722457733622,8.325882553620408,0.4961909999999999,0.4961909999999999,0,1,1,0,0,0,1,0,0,1,3,0,0,0,0,0,0,0,1,1,0,0,1,1,0,0,0,0,1,1,0,0,0,0,0,0,0,0,0,0,0,0,0,0,3,3,4.0,8.0,-2.5,1.5,3.0,-1.5,3.0,0.1,-40.967306928,5.415612828,0.3776252594368514,-359.746478775,0.0,0.25315144419999996,0
sh_oh_cn,cation,True,conf_2,-1438.8252806,True,True,-5.730176612,-3.860753432000001,1.86942318,,,,,,9.0,4885.16,894.2,0.0,,,,,,,,0.1606345000000146,-5.730176612,-3.860753432000001,1.8694231799999992,2.302585092994046,8.49416199790453,,,0,1,1,0,0,0,0,1,0,1,3,0,0,0,0,0,0,0,1,1,0,0,1,1,0,0,0,0,1,1,0,0,0,0,0,0,0,0,0,0,0,0,0,0,3,3,4.0,8.0,-2.5,1.5,3.0,-1.5,3.0,0.1,-45.841412896,5.7911301480000015,0.4673546266134333,-359.70632015,0.0,0.36082695400000003,0
sh_oh_cn,triplet,True,conf_5,-1438.9841677,True,True,-4.819411054,-2.0694269700000003,2.749984084,,,,,,6.0,4273.34,2779.24,0.0,,,,,,,0.0475492003630742,0.0017474000001129,-4.819411054,-2.0694269700000003,2.7499840839999994,1.9459101490553128,8.360384983487208,,,0,1,1,0,0,0,0,0,1,1,3,0,0,0,0,0,0,0,1,1,0,0,1,1,0,0,0,0,1,1,0,0,0,0,0,0,0,0,0,0,0,0,0,0,3,3,4.0,8.0,-2.5,1.5,3.0,-1.5,3.0,0.1,-38.555288432,3.1041404550000005,0.6874943022642442,-359.746041925,0.0,0.6249952252,0
5ring_me_3ring_cf3_in,neutral,True,conf_1,-1060.2875938,True,True,-5.375067842000001,-2.1581361340000003,3.216931708,,0.575348,-0.153584,0.7289319999999999,-2.135044278125301e-18,2.0,230.92,0.0,100.0,-1060.23351138,False,-5.459151068,-2.1581361340000003,3.301014934,1.4716583635876217,,0.0,-5.375067842000001,-2.1581361340000003,3.2169317080000006,1.0986122886681098,5.4463924846134,0.7289319999999999,0.7289319999999999,0,0,0,1,0,1,1,0,0,1,4,2,1,1,0,1,0,0,0,0,0,0,0,0,1,1,1,1,0,0,0,0,1,1,0,0,0,0,0,0,0,0,0,0,3,5,12.5,6.7,2.5,0.5,3.5,-3.0,8.0,2.5,-36.012954541400006,6.474408402000001,0.3574364592928231,-84.823007504,0.0,0.7650795124,0
5ring_me_3ring_cf3_in,cation,True,conf_2,-1060.1093557,True,True,-6.748155086,-2.6626354900000004,4.085519596,,,,,,4.0,521.46,126.13,0.0,,,,,,,,0.1782381000000441,-6.748155086,-2.6626354900000004,4.085519595999999,1.6094379124341005,6.258548425884557,,,0,0,0,1,0,1,0,1,0,1,4,2,1,1,0,1,0,0,0,0,0,0,0,0,1,1,1,1,0,0,0,0,1,1,0,0,0,0,0,0,0,0,0,0,3,5,12.5,6.7,2.5,0.5,3.5,-3.0,8.0,2.5,-45.2126390762,7.987906470000001,0.4539461173932028,-84.80874845599999,0.0,1.0256558788,0
5ring_me_3ring_cf3_in,triplet,True,conf_1,-1060.2447487,True,True,-4.962270904,-1.750237248,3.212033656,,,,,,3.0,351.41,0.0,100.0,,,,,,,1.1658751541406065,0.0428451000000222,-4.962270904,-1.750237248,3.2120336560000005,1.3862943611198906,5.864795270503905,,,0,0,0,1,0,1,0,0,1,1,4,2,1,1,0,1,0,0,0,0,0,0,0,0,1,1,1,1,0,0,0,0,1,1,0,0,0,0,0,0,0,0,0,0,3,5,12.5,6.7,2.5,0.5,3.5,-3.0,8.0,2.5,-33.2472150568,5.250711744,0.3568922318975202,-84.819579896,0.0,0.7636100967999999,0
5ring_nh2_3ring_NO2,neutral,True,conf_1,-827.4986417,True,True,-4.935331618,-3.823745928,1.11158569,,0.303522,-0.431093,0.734615,-4.5454545455852535e-08,1.0,0.0,0.0,100.0,-827.4908295,True,-4.606617906,-3.823745928,0.7828719779999997,0.2125808990797112,,0.0,-4.935331618,-3.823745928,1.11158569,0.6931471805599453,0.0,0.734615,0.734615,1,0,0,0,0,1,1,0,0,1,2,2,1,1,0,0,0,0,0,0,1,1,0,0,0,0,0,0,0,0,0,0,0,0,1,1,0,0,0,0,0,0,0,0,2,4,11.5,7.0,-3.5,2.0,3.5,-1.5,11.0,4.0,-34.547321326,5.735618892,0.0926320636399469,-71.95640362608695,0.0,0.133475707,0
5ring_nh2_3ring_NO2,cation,True,conf_1,-827.334624,True,True,-6.005011752,-3.891502314,2.113509438,,,,,,1.0,0.0,0.0,100.0,,,,,,,,0.1640177000000449,-6.005011752,-3.891502314,2.113509438,0.6931471805599453,0.0,,,1,0,0,0,0,1,0,1,0,1,2,2,1,1,0,0,0,0,0,0,1,1,0,0,0,0,0,0,0,0,0,0,0,0,1,1,0,0,0,0,0,0,0,0,2,4,11.5,7.0,-3.5,2.0,3.5,-1.5,11.0,4.0,-42.035082264,5.837253471,0.1761256397286335,-71.9421412173913,0.0,0.4340528313999999,0
5ring_nh2_3ring_NO2,triplet,True,conf_1,-827.4908865,True,True,-4.763355570000001,-2.969852196,1.7935033740000004,,,,,,1.0,0.0,0.0,100.0,,,,,,,0.2110298492805337,0.0077552000000196,-4.763355570000001,-2.969852196,1.7935033740000006,0.6931471805599453,0.0,,,1,0,0,0,0,1,0,0,1,1,2,2,1,1,0,0,0,0,0,0,1,1,0,0,0,0,0,0,0,0,0,0,0,0,1,1,0,0,0,0,0,0,0,0,2,4,11.5,7.0,-3.5,2.0,3.5,-1.5,11.0,4.0,-33.343488990000004,4.4547782940000005,0.1494584899512584,-71.95572926086956,0.0,0.33805101220000006,0
5ring_cn_out,neutral,True,conf_1,-492.5,True,True,-6.358215724000001,-1.851191542,4.507024182,,0.224296,-0.152216,0.3765119999999999,6.249999999987277e-08,1.0,0.0,0.0,100.0,-492.492101,True,-5.922833324,-1.851191542,4.071641782,0.2149428486002444,,0.0,-6.358215724000001,-1.851191542,4.507024182,0.6931471805599453,0.0,0.3765119999999999,0.3765119999999999,0,0,1,0,0,1,1,0,0,1,2,1,1,0,0,0,1,0,1,1,0,0,0,0,0,0,0,0,0,0,0,0,0,0,0,0,0,0,0,0,0,0,0,0,1,2,7.0,3.5,-1.0,0.0,3.0,-3.0,7.0,2.0,-22.253755034,5.553574626,0.5633773185283519,-70.35714285714286,0.0,1.1521072546000002,0
5ring_cn_out,cation,True,conf_1,-492.2915,True,True,-7.746269238,-2.888762224,4.857507013999999,,,,,,1.0,0.0,0.0,100.0,,,,,,,,0.208500000000015,-7.746269238,-2.888762224,4.857507013999999,0.6931471805599453,0.0,,,0,0,1,0,0,1,0,1,0,1,2,1,1,0,0,0,1,0,1,1,0,0,0,0,0,0,0,0,0,0,0,0,0,0,0,0,0,0,0,0,0,0,0,0,1,2,7.0,3.5,-1.0,0.0,3.0,-3.0,7.0,2.0,-27.111942333,8.666286672,0.6071876177654777,-70.32735714285714,0.0,1.2572521041999998,0
5ring_cn_out,triplet,True,conf_2,-492.44511,True,True,-5.66133177,-2.333649664,3.3276821060000006,,,,,,4.0,2950.55,2726.53,0.0,,,,,,,1.4936337460000089,0.0548900000000003,-5.66133177,-2.333649664,3.327682106,1.6094379124341005,7.990085735075964,,,0,0,1,0,0,1,0,0,1,1,2,1,1,0,0,0,1,0,1,1,0,0,0,0,0,0,0,0,0,0,0,0,0,0,0,0,0,0,0,0,0,0,0,0,1,2,7.0,3.5,-1.0,0.0,3.0,-3.0,7.0,2.0,-19.814661195,7.0009489920000005,0.4159597433003209,-70.34930142857142,0.0,0.7983046318000002,0
sesqui_5ring_2nph3,neutral,True,conf_1,-1257.222576,True,True,-3.832997804000001,-1.70479421,2.1282035940000004,,0.587677,-0.457883,1.04556,-3.3333333334291864e-08,14.0,4551.95,0.0,100.0,-1257.20976491,False,,,,0.3486076944201881,,0.0,-3.832997804000001,-1.70479421,2.1282035940000013,2.70805020110221,8.423530653504221,1.04556,1.04556,0,0,0,0,0,1,1,0,0,1,1,1,1,0,0,0,0,0,0,0,0,0,0,0,0,0,0,0,0,0,0,0,0,0,0,0,0,0,0,0,1,1,0,0,1,2,12.0,1.0,3.0,1.5,0.1,1.4,5.0,0.1,-3.832997804000001,-2.386711894,0.3547000078333205,-104.768548,0.0,0.4384610782000001,0
sesqui_5ring_2nph3,cation,True,conf_1,-1257.1036623,True,False,-4.502398244,-2.3388198300000003,2.163578414,,,,,,5.0,5002.5,0.0,100.0,,,,,,,,0.1189136999998936,-4.502398244,-2.3388198300000003,2.163578414,1.791759469228055,8.51789294653051,,,0,0,0,0,0,1,0,1,0,1,1,1,1,0,0,0,0,0,0,0,0,0,0,0,0,0,0,0,0,0,0,0,0,0,0,0,0,0,0,0,1,1,0,0,1,2,12.0,1.0,3.0,1.5,0.1,1.4,5.0,0.1,-4.502398244,-3.274347762,0.3605958013403311,-104.758638525,0.0,0.44907352419999996,0
sesqui_5ring_2nph3,triplet,True,conf_1,-1257.2092546,True,True,-3.845242934,-1.93609111,1.909151824,,,,,,11.0,4549.44,0.0,100.0,,,,,,,0.3624939439598711,0.0133213999999952,-3.845242934,-1.93609111,1.909151824,2.4849066497880004,8.422979210566236,,,0,0,0,0,0,1,0,0,1,1,1,1,1,0,0,0,0,0,0,0,0,0,0,0,0,0,0,0,0,0,0,0,0,0,0,0,0,0,0,0,1,1,0,0,1,2,12.0,1.0,3.0,1.5,0.1,1.4,5.0,0.1,-3.845242934,-2.710527554,0.3181914403475994,-104.76743788333332,0.0,0.3727455472,0
3ring_nh2,neutral,True,conf_2,-418.8159931,True,True,-4.867303118000001,-0.215514288,4.65178883,,0.168632,-0.125303,0.293935,5.555555555869508e-08,2.0,152.48,152.48,0.0,-418.7368103,True,-4.419403474,-0.215514288,4.203889186,2.154674843920336,,0.0,-4.867303118000001,-0.215514288,4.651788830000001,1.0986122886681098,5.033570265378752,0.293935,0.293935,1,0,0,0,0,1,1,0,0,1,2,1,0,1,0,0,0,0,0,0,1,1,0,0,0,0,0,0,0,0,0,0,0,0,0,0,0,0,0,0,0,0,0,0,1,2,4.5,3.0,-2.0,2.0,0.1,1.9,4.0,2.0,-14.601909354000002,-0.4094771472,0.9303559052881896,-93.0702206888889,0.0,1.1955366490000001,0
3ring_nh2,cation,True,conf_1,-418.6508679,True,True,-6.158756162,-0.79321231,5.365543852,,,,,,1.0,0.0,0.0,100.0,,,,,,,,0.165125200000034,-6.158756162,-0.79321231,5.365543852,0.6931471805599453,0.0,,,1,0,0,0,0,1,0,1,0,1,2,1,0,1,0,0,0,0,0,0,1,1,0,0,0,0,0,0,0,0,0,0,0,0,0,0,0,0,0,0,0,0,0,0,1,2,4.5,3.0,-2.0,2.0,0.1,1.9,4.0,2.0,-18.476268486,-1.507103389,1.0731066241867515,-93.0335262,0.0,1.4096631556,0
3ring_nh2,triplet,True,conf_1,-418.7138967,True,True,-3.655307362,0.090886076,3.7461934380000006,,,,,,4.0,1634.03,0.0,100.0,,,,,,,2.7781859789598244,0.1020963999999935,-3.655307362,0.090886076,3.746193438,1.6094379124341005,7.399416431786873,,,1,0,0,0,0,1,0,0,1,1,2,1,0,1,0,0,0,0,0,0,1,1,0,0,0,0,0,0,0,0,0,0,0,0,0,0,0,0,0,0,0,0,0,0,1,2,4.5,3.0,-2.0,2.0,0.1,1.9,4.0,2.0,-10.965922086,0.1726835443999999,0.7492371891256218,-93.0475326,0.0,0.9238580314000002,0
5ring_ome_3ring_cn_in,neutral,True,conf_1,-721.3525796,True,True,-4.954107484000001,-3.581836582,1.372270902,,0.210467,-0.340979,0.551446,-4.166666666468449e-08,3.0,2825.67,0.0,100.0,-721.340293654,False,-4.94431138,-3.581836582,1.362474798,0.3343177909849436,,0.0,-4.954107484000001,-3.581836582,1.3722709020000003,1.3862943611198906,7.946854619362427,0.551446,0.551446,0,0,1,1,0,1,1,0,0,1,4,2,1,1,0,1,0,0,1,1,0,0,0,0,1,1,0,0,0,0,0,0,0,0,0,0,1,1,0,0,0,0,0,0,3,5,13.0,6.2,-0.5,1.5,3.0,-1.5,10.0,4.0,-30.715466400800004,5.372754873,0.1247517867711029,-55.48865996923077,0.0,0.21168127059999997,0
5ring_ome_3ring_cn_in,cation,True,conf_1,-721.1912007,True,True,-5.998208902,-3.830820892,2.1673880100000003,,,,,,4.0,2575.92,0.0,100.0,,,,,,,,0.1613789000000451,-5.998208902,-3.830820892,2.16738801,1.6094379124341005,7.8543501663210575,,,0,0,1,1,0,1,0,1,0,1,4,2,1,1,0,1,0,0,1,1,0,0,0,0,1,1,0,0,0,0,0,0,0,0,0,0,1,1,0,0,0,0,0,0,3,5,13.0,6.2,-0.5,1.5,3.0,-1.5,10.0,4.0,-37.1888951924,5.746231338,0.1970350945135504,-55.47624620769231,0.0,0.45021640300000004,0
5ring_ome_3ring_cn_in,triplet,True,conf_2,-721.3488929,True,True,-4.738593196,-1.962758282,2.775834914,,,,,,3.0,2589.73,592.37,0.0,,,,,,,0.1003202683800797,0.0036867000000029,-4.738593196,-1.962758282,2.775834914,1.3862943611198906,7.8596949682622625,,,0,0,1,1,0,1,0,0,1,1,4,2,1,1,0,1,0,0,1,1,0,0,0,0,1,1,0,0,0,0,0,0,0,0,0,0,1,1,0,0,0,0,0,0,3,5,13.0,6.2,-0.5,1.5,3.0,-1.5,10.0,4.0,-29.3792778152,2.944137423,0.252348399137819,-55.48837637692308,0.0,0.6327504741999999,0
5ring_bh2_in,neutral,True,conf_1,-359.0016291,True,True,-6.2692344460000005,-2.552157206,3.71707724,,0.217479,-0.095727,0.313206,0.0,1.0,0.0,0.0,100.0,-358.9977108,True,-6.0771219620000005,-2.552157206,3.524964756,0.1066224286202549,,0.0,-6.2692344460000005,-2.552157206,3.717077240000001,0.6931471805599453,0.0,0.313206,0.313206,0,0,0,0,0,1,1,0,0,1,2,1,1,0,0,1,0,0,0,0,0,0,0,0,0,0,0,0,0,0,1,1,0,0,0,0,0,0,0,0,0,0,0,0,1,2,6.0,1.0,0.5,0.0,1.0,-1.0,5.0,2.0,-6.2692344460000005,2.552157206,0.6195118408135988,-59.83360485,0.0,0.9151231719999999,0
5ring_bh2_in,cation,True,conf_2,-358.7888052,True,False,-7.402861370000001,-3.257748808,4.145112562,,,,,,2.0,3899.34,3899.34,0.0,,,,,,,,0.2128238999999894,-7.402861370000001,-3.257748808,4.145112562000001,1.0986122886681098,8.268819007805007,,,0,0,0,0,0,1,0,1,0,1,2,1,1,0,0,1,0,0,0,0,0,0,0,0,0,0,0,0,0,0,1,1,0,0,0,0,0,0,0,0,0,0,0,0,1,2,6.0,1.0,0.5,0.0,1.0,-1.0,5.0,2.0,-7.402861370000001,3.257748808,0.6908509422484298,-59.7981342,0.0,1.0435337686,0
5ring_bh2_in,triplet,True,conf_3,-358.9639248,True,True,-5.893717126,-1.59458804,4.299129086000001,,,,,,3.0,4523.08,4523.08,0.0,,,,,,,1.0259867890208134,0.0377043000000298,-5.893717126,-1.59458804,4.299129086000001,1.3862943611198906,8.41716952054562,,,0,0,0,0,0,1,0,0,1,1,2,1,1,0,0,1,0,0,0,0,0,0,0,0,0,0,0,0,0,0,1,1,0,0,0,0,0,0,0,0,0,0,0,0,1,2,6.0,1.0,0.5,0.0,1.0,-1.0,5.0,2.0,-5.893717126,1.59458804,0.7165203201328,-59.8273208,0.0,1.0897387258000002,0
5ring_nh2_out,neutral,True,conf_2,-418.77,True,False,-4.637094674,-0.5551125600000001,4.0819821140000005,,0.129184,-0.236993,0.366177,-5.555555555561113e-08,2.0,994.6,994.6,0.0,-418.7177742,True,-3.96878269,-0.5551125600000001,3.4136701300000003,1.4211371341192869,,0.0,-4.637094674,-0.5551125600000001,4.081982114,1.0986122886681098,6.903345570493437,0.366177,0.366177,1,0,0,0,0,1,1,0,0,1,2,1,1,0,0,0,1,0,0,0,1,1,0,0,0,0,0,0,0,0,0,0,0,0,0,0,0,0,0,0,0,0,0,0,1,2,6.5,3.0,-2.0,2.0,0.1,1.9,6.0,2.0,-13.911284022,-1.0547138640000002,0.5831394689436158,-64.42615384615384,0.0,1.0245946342,0
5ring_nh2_out,cation,True,conf_1,-418.6260926,True,True,-5.349489126,-1.4419320860000002,3.90755704,,,,,,1.0,0.0,0.0,100.0,,,,,,,,0.1439073999999891,-5.349489126,-1.4419320860000002,3.90755704,0.6931471805599453,0.0,,,1,0,0,0,0,1,0,1,0,1,2,1,1,0,0,0,1,0,0,0,1,1,0,0,0,0,0,0,0,0,0,0,0,0,0,0,0,0,0,0,0,0,0,0,1,2,6.5,3.0,-2.0,2.0,0.1,1.9,6.0,2.0,-16.048467377999998,-2.7396709634000005,0.558221636826233,-64.40401424615385,0.0,0.9722671119999999,0
5ring_nh2_out,triplet,True,conf_3,-418.7219358,True,True,-3.9470135700000006,-0.338237702,3.608775868,,,,,,5.0,3879.89,689.63,0.0,,,,,,,1.30789417187997,0.0480641999999988,-3.9470135700000006,-0.338237702,3.608775868000001,1.791759469228055,8.263819787756717,,,1,0,0,0,0,1,0,0,1,1,2,1,1,0,0,0,1,0,0,0,1,1,0,0,0,0,0,0,0,0,0,0,0,0,0,0,0,0,0,0,0,0,0,0,1,2,6.5,3.0,-2.0,2.0,0.1,1.9,6.0,2.0,-11.84104071,-0.6426516337999999,0.515538673230467,-64.41875935384616,0.0,0.8826327603999999,0
5ring_oh_3ring_cf3_sp,neutral,True,conf_2,-1132.0328106,True,True,-4.787573716000001,-2.2517433500000004,2.5358303660000003,,0.566674,-0.242077,0.808751,-4.545454545096377e-08,5.0,3119.97,205.2,0.0,-1131.99629791,False,-4.809887064000001,-2.2517433500000004,2.558143714,0.9935614126627708,,0.0,-4.787573716000001,-2.2517433500000004,2.5358303660000003,1.791759469228055,8.045899129920832,0.808751,0.808751,0,1,0,0,0,1,1,0,0,1,4,2,1,1,0,0,0,0,0,0,0,0,1,1,0,0,1,1,0,0,0,0,1,1,0,0,0,0,0,0,0,0,0,0,3,5,12.5,9.5,-0.5,1.0,3.5,-2.5,9.0,2.5,-45.48195030200001,5.629358375000001,0.253582783017217,-90.562624848,0.0,0.5607491098000001,0
5ring_oh_3ring_cf3_sp,cation,True,conf_2,-1131.8771286,True,True,-5.952765864000001,-2.667261428,3.2855044360000005,,,,,,5.0,3344.0,254.77,0.0,,,,,,,,0.1556819999998424,-5.952765864000001,-2.667261428,3.2855044360000005,1.791759469228055,8.11522197256233,,,0,1,0,0,0,1,0,1,0,1,4,2,1,1,0,0,0,0,0,0,0,0,1,1,0,0,1,1,0,0,0,0,1,1,0,0,0,0,0,0,0,0,0,0,3,5,12.5,9.5,-0.5,1.0,3.5,-2.5,9.0,2.5,-56.551275708000006,6.66815357,0.328550115049885,-90.550170288,0.0,0.7856513308000002,0
5ring_oh_3ring_cf3_sp,triplet,True,conf_2,-1132.0157624,True,True,-5.11710377,-1.530097022,3.587006748,,,,,,8.0,4331.07,695.28,0.0,,,,,,,0.4639053894762678,0.0170481999998628,-5.11710377,-1.530097022,3.587006748,2.19722457733622,8.373800766808428,,,0,1,0,0,0,1,0,0,1,1,4,2,1,1,0,0,0,0,0,0,0,0,1,1,0,0,1,1,0,0,0,0,1,1,0,0,0,0,0,0,0,0,0,0,3,5,12.5,9.5,-0.5,1.0,3.5,-2.5,9.0,2.5,-48.612485815,3.825242555,0.3587003160996839,-90.561260992,0.0,0.8761020244,0
5ring_me_3ring_cn_in,neutral,True,conf_1,-571.0554499,True,True,-5.475477908,-3.502379294,1.9730986140000009,,0.205211,-0.275473,0.480684,-4.545454545159457e-08,1.0,0.0,0.0,100.0,-571.025727134,False,-5.495614344,-3.502379294,1.9932350500000005,0.8087980747314064,,0.0,-5.475477908,-3.502379294,1.9730986140000004,0.6931471805599453,0.0,0.480684,0.480684,0,0,1,1,0,1,1,0,0,1,3,2,1,1,0,1,0,0,1,1,0,0,0,0,1,1,0,0,0,0,0,0,0,0,0,0,0,0,0,0,0,0,0,0,2,4,11.0,3.7,0.0,0.5,3.0,-2.5,10.0,4.0,-20.2592682596,8.755948235,0.1793724382068744,-51.91413180909091,0.0,0.3919295842000002,0
5ring_me_3ring_cn_in,cation,True,conf_1,-570.8737474,True,True,-6.821081638000001,-3.857488064,2.9635935740000003,,,,,,1.0,0.0,0.0,100.0,,,,,,,,0.1817025000000285,-6.821081638000001,-3.857488064,2.963593574000001,0.6931471805599453,0.0,,,0,0,1,1,0,1,0,1,0,1,3,2,1,1,0,1,0,0,1,1,0,0,0,0,1,1,0,0,0,0,0,0,0,0,0,0,0,0,0,0,0,0,0,0,2,4,11.0,3.7,0.0,0.5,3.0,-2.5,10.0,4.0,-25.238002060600003,9.64372016,0.2694173527114976,-51.8976134,0.0,0.6890780722000001,0
5ring_me_3ring_cn_in,triplet,True,conf_1,-571.0337354,True,False,-4.805533240000001,-2.21364739,2.59188585,,,,,,1.0,0.0,0.0,100.0,,,,,,,0.590881945300818,0.02171450000003,-4.805533240000001,-2.21364739,2.5918858500000006,0.6931471805599453,0.0,,,0,0,1,1,0,1,0,0,1,1,3,2,1,1,0,1,0,0,1,1,0,0,0,0,1,1,0,0,0,0,0,0,0,0,0,0,0,0,0,0,0,0,0,0,2,4,11.0,3.7,0.0,0.5,3.0,-2.5,10.0,4.0,-17.780472988000003,5.5341184750000005,0.235625772158389,-51.91215776363636,0.0,0.577565755,0
5ring_bh2_out,neutral,True,conf_1,-358.9986057,True,True,-6.218621242,-2.020174336,4.198446906,,0.239402,-0.0819,0.321302,-5.555555555300904e-08,1.0,0.0,0.0,100.0,-358.9863301,True,-5.798205112,-2.020174336,3.778030776,0.3340362618402582,,0.0,-6.218621242,-2.020174336,4.198446906,0.6931471805599453,0.0,0.321302,0.321302,0,0,0,0,0,1,1,0,0,1,2,1,1,0,0,0,1,0,0,0,0,0,0,0,0,0,0,0,0,0,1,1,0,0,0,0,0,0,0,0,0,0,0,0,1,2,6.0,1.0,0.5,0.0,1.0,-1.0,5.0,2.0,-6.218621242,2.020174336,0.6997399847666921,-59.83310095,0.0,1.0595340718,0
5ring_bh2_out,cation,True,conf_2,-358.79101618,False,,-7.532931862000001,-2.80957705,4.723354812,,,,,,2.0,2776.1,2776.1,0.0,,,,,,,,0.207589519999999,-7.532931862000001,-2.80957705,4.723354812,1.0986122886681098,7.9291624967412755,,,0,0,0,0,0,1,0,1,0,1,2,1,1,0,0,0,1,0,0,0,0,0,0,0,0,0,0,0,0,0,1,1,0,0,0,0,0,0,0,0,0,0,0,0,1,2,6.0,1.0,0.5,0.0,1.0,-1.0,5.0,2.0,-7.532931862000001,2.80957705,0.7872244899591835,-59.79850269666667,0.0,1.2170064436,0
5ring_bh2_out,triplet,True,conf_2,-358.9390488,True,True,-5.472756768,-2.611750172,2.861006596,,,,,,2.0,1621.48,1621.48,0.0,,,,,,,1.6206266286589497,0.0595568999999613,-5.472756768,-2.611750172,2.861006596,1.0986122886681098,7.391711121845876,,,0,0,0,0,0,1,0,0,1,1,2,1,1,0,0,0,1,0,0,0,0,0,0,0,0,0,0,0,0,0,1,1,0,0,0,0,0,0,0,0,0,0,0,0,1,2,6.0,1.0,0.5,0.0,1.0,-1.0,5.0,2.0,-5.472756768,2.611750172,0.4768336379439368,-59.8231748,0.0,0.6583019788,0
5ring_nh2_3ring_cn_in,neutral,True,conf_1,-603.1097301,True,True,-4.315183812,-3.399520202,0.91566361,,0.163123,-0.306088,0.469211,-8.326672684688674e-18,1.0,0.0,0.0,100.0,-603.104745796,False,-4.048239978000001,-3.399520202,0.6487197760000004,0.1356298898657131,,0.0,-4.315183812,-3.399520202,0.9156636099999996,0.6931471805599453,0.0,0.469211,0.469211,1,0,1,0,0,1,1,0,0,1,3,2,1,1,0,1,0,0,1,1,1,1,0,0,0,0,0,0,0,0,0,0,0,0,0,0,0,0,0,0,0,0,0,0,2,4,11.5,6.5,-3.0,2.0,3.0,-1.0,11.0,4.0,-28.048694778,3.399520202,0.0763052372456356,-52.44432435652174,0.0,0.07469908299999994,0
5ring_nh2_3ring_cn_in,cation,True,conf_1,-602.9800754,True,False,-4.958461308,-3.969326918,0.9891343899999998,,,,,,1.0,0.0,0.0,100.0,,,,,,,,0.1296546999999464,-4.958461308,-3.969326918,0.9891343900000004,0.6931471805599453,0.0,,,1,0,1,0,0,1,0,1,0,1,3,2,1,1,0,1,0,0,1,1,1,1,0,0,0,0,0,0,0,0,0,0,0,0,0,0,0,0,0,0,0,0,0,0,2,4,11.5,6.5,-3.0,2.0,3.0,-1.0,11.0,4.0,-32.229998502,3.969326918,0.0824277971435024,-52.43305003478261,0.0,0.09674031699999991,0
5ring_nh2_3ring_cn_in,triplet,True,conf_1,-603.1336503,True,True,-4.6112438440000005,-1.5989418640000002,3.01230198,,,,,,1.0,0.0,0.0,100.0,,,,,,,-0.6509021302805574,-0.0239202000000204,-4.6112438440000005,-1.5989418640000002,3.01230198,0.6931471805599453,0.0,,,1,0,1,0,0,1,0,0,1,1,3,2,1,1,0,1,0,0,1,1,1,1,0,0,0,0,0,0,0,0,0,0,0,0,0,0,0,0,0,0,0,0,0,0,2,4,11.5,6.5,-3.0,2.0,3.0,-1.0,11.0,4.0,-29.973084986000003,1.5989418640000002,0.2510249558125368,-52.44640437391304,0.0,0.703690594,0
sesqui_7ring_2cn_in,neutral,True,conf_1,-647.2761874,True,True,-6.15930039,-2.841142274,3.318158116,,0.102813,-0.139411,0.242224,4.16666666668529e-08,1.0,0.0,0.0,100.0,-647.232517998,False,-6.172361862000001,-2.841142274,3.331219588,1.1883055655821937,,0.0,-6.15930039,-2.841142274,3.318158116,0.6931471805599453,0.0,0.242224,0.242224,0,0,1,0,0,1,1,0,0,1,2,1,0,0,1,1,0,0,1,1,0,0,0,0,0,0,0,0,0,0,0,0,0,0,0,0,0,0,0,0,0,0,0,0,1,2,9.0,3.5,-1.0,0.0,3.0,-3.0,9.0,2.0,-21.557551365,8.523426822000001,0.3318154797845202,-71.91957637777779,0.0,0.7954474348,0
sesqui_7ring_2cn_in,cation,True,conf_2,-647.0782986,True,True,-6.846116126,-3.873270676,2.97284545,,,,,,7.0,3381.02,508.28,0.0,,,,,,,,0.197888799999987,-6.846116126,-3.873270676,2.97284545,2.079441541679836,8.126228443101596,,,0,0,1,0,0,1,0,1,0,1,2,1,0,0,1,1,0,0,1,1,0,0,0,0,0,0,0,0,0,0,0,0,0,0,0,0,0,0,0,0,0,0,0,0,1,2,9.0,3.5,-1.0,0.0,3.0,-3.0,9.0,2.0,-23.961406441,11.619812028,0.2972842477157523,-71.89758873333334,0.0,0.691853635,0
sesqui_7ring_2cn_in,triplet,True,conf_2,-647.2422978,True,True,-5.052612752000001,-2.563041766,2.4895709860000004,,,,,,2.0,2097.76,2097.76,0.0,,,,,,,0.9221834614417936,0.0338896000000659,-5.052612752000001,-2.563041766,2.489570986000001,1.0986122886681098,7.649101973121317,,,0,0,1,0,0,1,0,0,1,1,2,1,0,0,1,1,0,0,1,1,0,0,0,0,0,0,0,0,0,0,0,0,0,0,0,0,0,0,0,0,0,0,0,0,1,2,9.0,3.5,-1.0,0.0,3.0,-3.0,9.0,2.0,-17.684144632000002,7.689125298,0.2489568496431504,-71.91581086666666,0.0,0.5468712958000002,0
3ring_cn,neutral,True,conf_1,-492.46,True,True,-5.964466766,-3.538026228,2.426440538,,0.202083,-0.265732,0.467815,-6.250000000179723e-08,1.0,0.0,0.0,100.0,-492.4437961,True,-5.437109834,-3.538026228,1.899083606,0.4409308044598261,,0.0,-5.964466766,-3.538026228,2.426440538,0.6931471805599453,0.0,0.467815,0.467815,0,0,1,0,0,1,1,0,0,1,2,1,0,1,0,0,0,0,1,1,0,0,0,0,0,0,0,0,0,0,0,0,0,0,0,0,0,0,0,0,0,0,0,0,1,2,5.0,3.5,-1.0,0.0,3.0,-3.0,5.0,2.0,-20.875633681,10.614078684,0.4044060823231961,-98.492,0.0,0.5279321613999999,0
3ring_cn,cation,True,conf_1,-492.263,True,True,-7.571027822,-3.961707726,3.609320096,,,,,,1.0,0.0,0.0,100.0,,,,,,,,0.1970000000000027,-7.571027822,-3.961707726,3.609320096,0.6931471805599453,0.0,,,0,0,1,0,0,1,0,1,0,1,2,1,0,1,0,0,0,0,1,1,0,0,0,0,0,0,0,0,0,0,0,0,0,0,0,0,0,0,0,0,0,0,0,0,1,2,5.0,3.5,-1.0,0.0,3.0,-3.0,5.0,2.0,-26.498597377,11.885123178,0.6015523467460887,-98.4526,0.0,0.8827960287999999,0
3ring_cn,triplet,True,conf_1,-492.427055,True,True,-4.898052,-2.12929205,2.76875995,,,,,,1.0,0.0,0.0,100.0,,,,,,,0.896479572999559,0.0329449999999837,-4.898052,-2.12929205,2.76875995,0.6931471805599453,0.0,,,0,0,1,0,0,1,0,0,1,1,2,1,0,1,0,0,0,0,1,1,0,0,0,0,0,0,0,0,0,0,0,0,0,0,0,0,0,0,0,0,0,0,0,0,1,2,5.0,3.5,-1.0,0.0,3.0,-3.0,5.0,2.0,-17.143182,6.38787615,0.4614592225679623,-98.485411,0.0,0.6306279850000001,0
5ring_me_3ring_cn_out,neutral,True,conf_2,-571.0542287,True,True,-5.735618892,-3.46537179,2.2702471020000003,,0.198549,-0.273541,0.47209,-9.090909091107428e-08,2.0,596.13,596.13,0.0,-571.0374026,True,-5.279283714,-3.46537179,1.813911924,0.4578617375400803,,0.0,-5.735618892,-3.46537179,2.270247102,1.0986122886681098,6.3921348451312126,0.47209,0.47209,0,0,1,1,0,1,1,0,0,1,3,2,1,1,0,0,1,0,1,1,0,0,0,0,1,1,0,0,0,0,0,0,0,0,0,0,0,0,0,0,0,0,0,0,2,4,11.0,3.7,0.0,0.5,3.0,-2.5,10.0,4.0,-21.2217899004,8.663429475,0.2063859125582613,-51.914020790909085,0.0,0.4810741306000001,0
5ring_me_3ring_cn_out,cation,True,conf_2,-570.8626764,True,True,-7.026255594,-3.842793908,3.183461686,,,,,,2.0,304.34,304.34,0.0,,,,,,,,0.1915522999998984,-7.026255594,-3.842793908,3.183461686,1.0986122886681098,5.721425909828796,,,0,0,1,1,0,1,0,1,0,1,3,2,1,1,0,0,1,0,1,1,0,0,0,0,1,1,0,0,0,0,0,0,0,0,0,0,0,0,0,0,0,0,0,0,2,4,11.0,3.7,0.0,0.5,3.0,-2.5,10.0,4.0,-25.9971456978,9.60698477,0.2894053447224139,-51.89660694545455,0.0,0.7550385058,0
5ring_me_3ring_cn_out,triplet,True,conf_1,-571.0213424,True,False,-5.253977112,-1.92112484,3.332852272,,,,,,1.0,0.0,0.0,100.0,,,,,,,0.8948822638192608,0.0328862999999728,-5.253977112,-1.92112484,3.332852272,0.6931471805599453,0.0,,,0,0,1,1,0,1,0,0,1,1,3,2,1,1,0,0,1,0,1,1,0,0,0,0,1,1,0,0,0,0,0,0,0,0,0,0,0,0,0,0,0,0,0,0,2,4,11.0,3.7,0.0,0.5,3.0,-2.5,10.0,4.0,-19.4397153144,4.802812100000001,0.3029862947397321,-51.91103112727273,0.0,0.7998556816,0
sesqui_5ring_oh_7ring_2cn_in,neutral,True,conf_1,-797.6130424,True,True,-5.032204202000001,-2.661547034,2.3706571680000006,,0.224354,-0.232575,0.456929,3.846153845970877e-08,3.0,4568.27,0.0,100.0,-797.582044953,False,-4.9949245840000005,-2.661547034,2.33337755,0.8434839292959166,,0.0,-5.032204202000001,-2.661547034,2.370657168000001,1.3862943611198906,8.427108733710927,0.456929,0.456929,0,1,1,0,0,1,1,0,0,1,3,2,1,0,1,1,0,0,1,1,0,0,1,1,0,0,0,0,0,0,0,0,0,0,0,0,0,0,0,0,0,0,0,0,2,4,15.0,6.5,-3.0,1.0,3.0,-2.0,15.0,4.0,-32.709327313,5.323094068,0.1481659803962623,-53.17420282666667,0.0,0.5111971504000001,0
sesqui_5ring_oh_7ring_2cn_in,cation,True,conf_1,-797.4484353,True,True,-6.169640722,-3.35108391,2.818556812,,,,,,3.0,4359.31,0.0,100.0,,,,,,,,0.164607100000012,-6.169640722,-3.35108391,2.818556812,1.3862943611198906,8.38029843473296,,,0,1,1,0,0,1,0,1,0,1,3,2,1,0,1,1,0,0,1,1,0,0,1,1,0,0,0,0,0,0,0,0,0,0,0,0,0,0,0,0,0,0,0,0,2,4,15.0,6.5,-3.0,1.0,3.0,-2.0,15.0,4.0,-40.102664693,6.70216782,0.1761596906501933,-53.16322902,0.0,0.6455670436000001,0
sesqui_5ring_oh_7ring_2cn_in,triplet,True,conf_1,-797.6089208,True,True,-4.867031004,-2.5282111740000004,2.33881983,,,,,,3.0,1269.45,0.0,100.0,,,,,,,0.112154506242065,0.0041216000000758,-4.867031004,-2.5282111740000004,2.33881983,1.3862943611198906,7.147126447400998,,,0,1,1,0,0,1,0,0,1,1,3,2,1,0,1,1,0,0,1,1,0,0,1,1,0,0,0,0,0,0,0,0,0,0,0,0,0,0,0,0,0,0,0,0,2,4,15.0,6.5,-3.0,1.0,3.0,-2.0,15.0,4.0,-31.635701526,5.056422348000001,0.1461761480149074,-53.17392805333333,0.0,0.5016459489999998,0
5ring_nme2,neutral,True,conf_9,-575.9021393,True,True,-4.30620405,-0.72790495,3.5782991,,0.148482,-0.328732,0.477214,1.333333333334667e-07,12.0,4472.88,2778.61,0.0,-575.8342439,True,-3.1391071040000003,-0.72790495,2.411202154,1.847528887559935,,0.0,-4.30620405,-0.72790495,3.5782991,2.5649493574615367,8.40601132005425,0.477214,0.477214,0,0,0,1,0,1,1,0,0,1,3,1,1,0,0,0,0,0,0,0,0,0,0,0,1,1,0,0,0,0,0,0,0,0,0,0,0,0,1,1,0,0,0,0,2,3,9.0,2.2,1.5,2.5,0.1,2.4,6.0,1.0,-9.47364891,-1.74697188,0.5111848554502065,-63.989126588888894,0.0,0.87348973,0
5ring_nme2,cation,True,conf_2,-575.7765458,True,True,-4.573147884,-1.233764876,3.339383008,,,,,,2.0,1357.93,1357.93,0.0,,,,,,,,0.1255935000000363,-4.573147884,-1.233764876,3.339383008,1.0986122886681098,7.214452904362433,,,0,0,0,1,0,1,0,1,0,1,3,1,1,0,0,0,0,0,0,0,0,0,0,0,1,1,0,0,0,0,0,0,0,0,0,0,0,0,1,1,0,0,0,0,2,3,9.0,2.2,1.5,2.5,0.1,2.4,6.0,1.0,-10.0609253448,-2.9610357024,0.4770540339228087,-63.97517175555556,0.0,0.8018149024000001,0
5ring_nme2,triplet,True,conf_8,-575.8592883,True,True,-3.619388314,-0.380143258,3.239245056,,,,,,9.0,2548.94,1564.38,0.0,,,,,,,1.166035701401129,0.0428510000000414,-3.619388314,-0.380143258,3.239245056,2.302585092994046,7.843825108463887,,,0,0,0,1,0,1,0,0,1,1,3,1,1,0,0,0,0,0,0,0,0,0,0,0,1,1,0,0,0,0,0,0,0,0,0,0,0,0,1,1,0,0,0,0,2,3,9.0,2.2,1.5,2.5,0.1,2.4,6.0,1.0,-7.962654290800001,-0.9123438192,0.4627486326448105,-63.984365366666665,0.0,0.7717735168,0
5ring_bh2_both,neutral,True,conf_4,-409.8516255,True,True,-6.6874736640000005,-2.830801942,3.8566717220000006,,0.241089,-0.091463,0.332552,9.090909090981265e-08,4.0,1057.35,1057.35,0.0,-409.8480763,True,-6.568831960000001,-2.830801942,3.738030018,0.0965787008802455,,0.0,-6.6874736640000005,-2.830801942,3.8566717220000006,1.6094379124341005,6.964466370566179,0.332552,0.332552,0,0,0,0,0,1,1,0,0,1,2,1,1,0,0,0,0,1,0,0,0,0,0,0,0,0,0,0,0,0,1,1,0,0,0,0,0,0,0,0,0,0,0,0,1,2,6.0,1.0,0.5,0.0,1.0,-1.0,5.0,2.0,-6.6874736640000005,2.830801942,0.6427775490374185,-68.30860425,0.0,0.9570015166000001,0
5ring_bh2_both,cation,True,conf_2,-409.6334362,True,True,-6.858633370000001,-2.682499812,4.176133558,,,,,,2.0,233.43,233.43,0.0,,,,,,,,0.2181893000000059,-6.858633370000001,-2.682499812,4.176133558,1.0986122886681098,5.457157035861426,,,0,0,0,0,0,1,0,1,0,1,2,1,1,0,0,0,0,1,0,0,0,0,0,0,0,0,0,0,0,0,1,1,0,0,0,0,0,0,0,0,0,0,0,0,1,2,6.0,1.0,0.5,0.0,1.0,-1.0,5.0,2.0,-6.858633370000001,2.682499812,0.6960210996315007,-68.27223936666667,0.0,1.0528400674,0
5ring_bh2_both,triplet,True,conf_4,-409.7964815,True,True,-6.2692344460000005,-2.4492981140000003,3.819936332,,,,,,8.0,3643.94,2444.78,0.0,,,,,,,1.5005454415995734,0.0551439999999843,-6.2692344460000005,-2.4492981140000003,3.819936332,2.19722457733622,8.201095183401927,,,0,0,0,0,0,1,0,0,1,1,2,1,1,0,0,0,0,1,0,0,0,0,0,0,0,0,0,0,0,0,1,1,0,0,0,0,0,0,0,0,0,0,0,0,1,2,6.0,1.0,0.5,0.0,1.0,-1.0,5.0,2.0,-6.2692344460000005,2.4492981140000003,0.6366549942416764,-68.29941358333333,0.0,0.9459808996000001,0
me_oh_cn_neg_synth,neutral,True,conf_2,-721.3932094,True,True,-4.678728116,-3.528502238,1.150225878,,0.219533,-0.284172,0.503705,1.3010426069826053e-18,5.0,1504.14,226.53,0.0,-721.384038307,False,-4.554372018,-3.528502238,1.0258697799999996,0.2495582800623016,,0.0,-4.678728116,-3.528502238,1.150225878,1.791759469228055,7.316641196112395,0.503705,0.503705,0,1,1,1,0,0,1,0,0,1,3,0,0,0,0,0,0,0,1,1,0,0,1,1,1,1,0,0,0,0,0,0,0,0,0,0,0,0,0,0,0,0,0,0,3,3,4.0,6.7,-2.0,1.5,3.0,-1.5,3.0,0.1,-31.3474783772,5.2927533570000005,0.2875557506106235,-180.34830235,0.0,-0.30301568933971457,1
5ring_oh_3ring_cn_in_neg_synth,neutral,True,conf_1,-642.802,True,True,-4.869752144,-3.569863566,1.2998885780000002,,0.225253,-0.276387,0.50164,1.1111111111122227e-07,3.0,2847.64,0.0,100.0,-642.7953011,True,-4.5064799540000005,-3.569863566,0.9366163880000002,0.1822864474616421,,0.0,-4.869752144,-3.569863566,1.2998885779999996,1.3862943611198906,7.954596966387434,0.50164,0.50164,0,1,1,0,0,1,1,0,0,1,3,2,1,1,0,1,0,0,1,1,0,0,1,1,0,0,0,0,0,0,0,0,0,0,0,0,0,0,0,0,0,0,0,0,2,4,11.0,6.5,-3.0,1.0,3.0,-2.0,11.0,4.0,-31.653388936,7.139727132,0.1083239578967017,-58.43654545454546,0.0,-0.23532114305701168,1
5ring_nh2_both_neg_synth,cation,True,conf_1,-529.3041835,True,True,-4.12524824,-0.914030926,3.211217314,,,,,,2.0,405.37,0.0,100.0,,,,,,,,0.1053574000000026,-4.12524824,-0.914030926,3.211217314,1.0986122886681098,6.007264074641886,,,1,0,0,0,0,1,0,1,0,1,2,1,1,0,0,0,0,1,0,0,1,1,0,0,0,0,0,0,0,0,0,0,0,0,0,0,0,0,0,0,0,0,0,0,1,2,6.5,3.0,-2.0,2.0,0.1,1.9,6.0,2.0,-12.37574472,-1.7366587594,0.4587446752218926,-81.43141284615385,0.0,-0.7808505874108149,1
5ring_nh2_3ring_cn_out_neg_synth,cation,True,conf_1,-602.952027,True,True,-5.821606916,-3.923067538,1.898539378,,,,,,1.0,0.0,0.0,100.0,,,,,,,,0.1659426999999596,-5.821606916,-3.923067538,1.898539378,0.6931471805599453,0.0,,,1,0,1,0,0,1,0,1,0,1,3,2,1,1,0,0,1,0,1,1,1,1,0,0,0,0,0,0,0,0,0,0,0,0,0,0,0,0,0,0,0,0,0,0,2,4,11.5,6.5,-3.0,2.0,3.0,-1.0,11.0,4.0,-37.840444954000006,3.923067538,0.1582114829904308,-52.430611043478265,0.0,-0.4514808043284481,1
3ring_nh2_neg_synth,neutral,True,conf_2,-418.8159931,True,True,-4.867303118000001,-0.215514288,4.65178883,,0.168632,-0.125303,0.293935,5.555555555869508e-08,2.0,152.48,152.48,0.0,-418.7368103,True,-4.419403474,-0.215514288,4.203889186,2.154674843920336,,0.0,-4.867303118000001,-0.215514288,4.651788830000001,1.0986122886681098,5.033570265378752,0.293935,0.293935,1,0,0,0,0,1,1,0,0,1,2,1,0,1,0,0,0,0,0,0,1,1,0,0,0,0,0,0,0,0,0,0,0,0,0,0,0,0,0,0,0,0,0,0,1,2,4.5,3.0,-2.0,2.0,0.1,1.9,4.0,2.0,-14.601909354000002,-0.4094771472,0.9303559052881896,-93.0702206888889,0.0,-1.2114482711038337,1
5ring_cn_both_neg_synth,triplet,True,conf_1,-676.7961639,True,False,-5.2809163980000005,-4.216134316,1.064782082,,,,,,1.0,0.0,0.0,100.0,,,,,,,1.8837146072801447,0.0692252000000053,-5.2809163980000005,-4.216134316,1.064782082000001,0.6931471805599453,0.0,,,0,0,1,0,0,1,0,0,1,1,2,1,1,0,0,0,0,1,1,1,0,0,0,0,0,0,0,0,0,0,0,0,0,0,0,0,0,0,0,0,0,0,0,0,1,2,7.0,3.5,-1.0,0.0,3.0,-3.0,7.0,2.0,-18.483207393,12.648402948,0.1330975938780077,-96.68516627142856,0.0,-0.2731770993383131,1
3ring_bh2_neg_synth,cation,True,conf_1,-358.8057463,True,True,-6.966390514,-2.43950201,4.526888504,,,,,,1.0,0.0,0.0,100.0,,,,,,,,0.1825675999999703,-6.966390514,-2.43950201,4.526888504,0.6931471805599453,0.0,,,0,0,0,0,0,1,0,1,0,1,2,1,0,1,0,0,0,0,0,0,0,0,0,0,0,0,0,0,0,0,1,1,0,0,0,0,0,0,0,0,0,0,0,0,1,2,4.0,1.0,0.5,0.0,1.0,-1.0,3.0,2.0,-6.966390514,2.43950201,1.1317192967017584,-89.701436575,0.0,-1.3023857262589575,1
5ring_bh2_out_neg_synth,neutral,True,conf_1,-358.9986057,True,True,-6.218621242,-2.020174336,4.198446906,,0.239402,-0.0819,0.321302,-5.555555555300904e-08,1.0,0.0,0.0,100.0,-358.9863301,True,-5.798205112,-2.020174336,3.778030776,0.3340362618402582,,0.0,-6.218621242,-2.020174336,4.198446906,0.6931471805599453,0.0,0.321302,0.321302,0,0,0,0,0,1,1,0,0,1,2,1,1,0,0,0,1,0,0,0,0,0,0,0,0,0,0,0,0,0,1,1,0,0,0,0,0,0,0,0,0,0,0,0,1,2,6.0,1.0,0.5,0.0,1.0,-1.0,5.0,2.0,-6.218621242,2.020174336,0.6997399847666921,-59.83310095,0.0,-1.2421503179691291,1
3ring_bh2_neg_synth,neutral,True,conf_1,-358.9883139,True,True,-5.53615933,-2.2702471020000003,3.265912228,,0.180584,-0.062649,0.2432329999999999,5.555555555561113e-08,1.0,0.0,0.0,100.0,-358.9594878,True,-5.301597062,-2.2702471020000003,3.03134996,0.7843985375400927,,0.0,-5.53615933,-2.2702471020000003,3.265912228,0.6931471805599453,0.0,0.2432329999999999,0.2432329999999999,0,0,0,0,0,1,1,0,0,1,2,1,0,1,0,0,0,0,0,0,0,0,0,0,0,0,0,0,0,0,1,1,0,0,0,0,0,0,0,0,0,0,0,0,1,2,4.0,1.0,0.5,0.0,1.0,-1.0,3.0,2.0,-5.53615933,2.2702471020000003,0.8164760158099605,-89.747078475,0.0,-0.8864023834406222,1
sesqui_7ring_2cn_in_neg_synth,cation,True,conf_2,-647.0782986,True,True,-6.846116126,-3.873270676,2.97284545,,,,,,7.0,3381.02,508.28,0.0,,,,,,,,0.197888799999987,-6.846116126,-3.873270676,2.97284545,2.079441541679836,8.126228443101596,,,0,0,1,0,0,1,0,1,0,1,2,1,0,0,1,1,0,0,1,1,0,0,0,0,0,0,0,0,0,0,0,0,0,0,0,0,0,0,0,0,0,0,0,0,1,2,9.0,3.5,-1.0,0.0,3.0,-3.0,9.0,2.0,-23.961406441,11.619812028,0.2972842477157523,-71.89758873333334,0.0,-0.7501771193103925,1
sesqui_5ring_oh_7ring_2f_in_neg_synth,cation,True,conf_2,-811.4314009,True,True,-5.488811494,-3.25040173,2.238409764,,,,,,3.0,2493.72,1634.03,0.0,,,,,,,,0.1455561999999872,-5.488811494,-3.25040173,2.238409764,1.3862943611198906,7.821931777439087,,,0,1,0,0,0,1,0,1,0,1,3,2,1,0,1,1,0,0,0,0,0,0,1,1,0,0,1,1,0,0,0,0,0,0,0,0,0,0,0,0,0,0,0,0,2,4,13.5,7.0,-2.5,1.0,1.0,0.0,13.0,4.0,-38.421680458,-0.0,0.1598862975097875,-60.1060296962963,0.0,-0.5164550476232699,1
5ring_nme2_3ring_nn+_neg_synth,neutral,True,conf_1,-793.4375748,True,True,-4.515187602,-2.5488918380000003,1.966295764,,0.245172,-0.302517,0.547689,-6.25000000000625e-08,6.0,2352.53,0.0,100.0,-793.424786658,False,,,,0.3479832472181656,,0.0,-4.515187602,-2.5488918380000003,1.966295764,1.9459101490553128,7.763671607732549,0.547689,0.547689,0,0,0,1,0,1,1,0,0,1,3,2,1,1,0,0,0,0,0,0,0,0,0,0,1,1,0,0,0,0,0,0,0,0,0,0,0,0,1,1,0,0,1,1,3,5,14.0,6.7,-1.5,2.5,3.0,-0.5,10.5,3.0,-30.251756933400003,1.274445919,0.1709820916677463,-56.67411248571428,0.0,-0.5803196540849209,1
5ring_oh_3ring_bh2_in_neg_synth,neutral,True,conf_2,-509.3377397,True,True,-5.095062536,-2.677873874,2.417188662,,0.282417,-0.24839,0.530807,0.0,6.0,4252.0,169.43,0.0,-509.289911831,False,-5.06948382,-2.677873874,2.391609946,1.3014632745066672,,0.0,-5.095062536,-2.677873874,2.4171886620000005,1.9459101490553128,8.355379895253634,0.530807,0.530807,0,1,0,0,0,1,1,0,0,1,3,2,1,1,0,1,0,0,0,0,0,0,1,1,0,0,0,0,0,0,1,1,0,0,0,0,0,0,0,0,0,0,0,0,2,4,10.0,4.0,-1.5,1.0,1.0,0.0,9.0,4.0,-20.380250144,-0.0,0.2417186244813755,-50.93377397,0.0,-0.5653553317393504,1
5ring_nh2_out_neg_synth,triplet,True,conf_3,-418.7219358,True,True,-3.9470135700000006,-0.338237702,3.608775868,,,,,,5.0,3879.89,689.63,0.0,,,,,,,1.30789417187997,0.0480641999999988,-3.9470135700000006,-0.338237702,3.608775868000001,1.791759469228055,8.263819787756717,,,1,0,0,0,0,1,0,0,1,1,2,1,1,0,0,0,1,0,0,0,1,1,0,0,0,0,0,0,0,0,0,0,0,0,0,0,0,0,0,0,0,0,0,0,1,2,6.5,3.0,-2.0,2.0,0.1,1.9,6.0,2.0,-11.84104071,-0.6426516337999999,0.515538673230467,-64.41875935384616,0.0,-0.8931673800774075,1
5ring_me_3ring_cn_both_neg_synth,neutral,True,conf_2,-649.646185,True,True,-5.259419392000001,-3.445235354,1.8141840380000005,,0.201107,-0.280359,0.481466,7.142857143174058e-08,2.0,298.07,298.07,0.0,-649.621140552,False,-5.212071556,-3.445235354,1.7668362019999997,0.681494492304567,,0.0,-5.259419392000001,-3.445235354,1.814184038000001,1.0986122886681098,5.700677659702722,0.481466,0.481466,0,0,1,1,0,1,1,0,0,1,3,2,1,1,0,0,0,1,1,1,0,0,0,0,1,1,0,0,0,0,0,0,0,0,0,0,0,0,0,0,0,0,0,0,2,4,11.0,3.7,0.0,0.5,3.0,-2.5,10.0,4.0,-19.4598517504,8.613088385,0.1649256717039349,-59.05874409090909,0.0,-0.5142568784618478,1
5ring_oh_both_neg_synth,neutral,True,conf_2,-608.79809,True,True,-4.2857955,-0.737156826,3.548638674,,0.219743,-0.272172,0.491915,-5.555555555869508e-08,6.0,4390.05,1916.41,0.0,-608.733411897,False,-4.300489656000001,-0.737156826,3.56333283,1.7599817319743538,,0.0,-4.2857955,-0.737156826,3.548638674,1.9459101490553128,8.387323657424695,0.491915,0.491915,0,1,0,0,0,1,1,0,0,1,2,1,1,0,0,0,0,1,0,0,0,0,1,1,0,0,0,0,0,0,0,0,0,0,0,0,0,0,0,0,0,0,0,0,1,2,6.0,3.0,-2.0,1.0,0.1,0.9,6.0,2.0,-12.8573865,-0.6634411434,0.5069476577890603,-101.46634833333331,0.0,-0.9266812144810063,1
5ring_ome_3ring_cn_in_neg_synth,triplet,True,conf_2,-721.3488929,True,True,-4.738593196,-1.962758282,2.775834914,,,,,,3.0,2589.73,592.37,0.0,,,,,,,0.1003202683800797,0.0036867000000029,-4.738593196,-1.962758282,2.775834914,1.3862943611198906,7.8596949682622625,,,0,0,1,1,0,1,0,0,1,1,4,2,1,1,0,1,0,0,1,1,0,0,0,0,1,1,0,0,0,0,0,0,0,0,0,0,1,1,0,0,0,0,0,0,3,5,13.0,6.2,-0.5,1.5,3.0,-1.5,10.0,4.0,-29.3792778152,2.944137423,0.252348399137819,-55.48837637692308,0.0,-0.745010096351262,1
sh_oh_cn_neg_synth,triplet,True,conf_5,-1438.9841677,True,True,-4.819411054,-2.0694269700000003,2.749984084,,,,,,6.0,4273.34,2779.24,0.0,,,,,,,0.0475492003630742,0.0017474000001129,-4.819411054,-2.0694269700000003,2.7499840839999994,1.9459101490553128,8.360384983487208,,,0,1,1,0,0,0,0,0,1,1,3,0,0,0,0,0,0,0,1,1,0,0,1,1,0,0,0,0,1,1,0,0,0,0,0,0,0,0,0,0,0,0,0,0,3,3,4.0,8.0,-2.5,1.5,3.0,-1.5,3.0,0.1,-38.555288432,3.1041404550000005,0.6874943022642442,-359.746041925,0.0,-0.7840334203867365,1
5ring_nme2_neg_synth,triplet,True,conf_8,-575.8592883,True,True,-3.619388314,-0.380143258,3.239245056,,,,,,9.0,2548.94,1564.38,0.0,,,,,,,1.166035701401129,0.0428510000000414,-3.619388314,-0.380143258,3.239245056,2.302585092994046,7.843825108463887,,,0,0,0,1,0,1,0,0,1,1,3,1,1,0,0,0,0,0,0,0,0,0,0,0,1,1,0,0,0,0,0,0,0,0,0,0,0,0,1,1,0,0,0,0,2,3,9.0,2.2,1.5,2.5,0.1,2.4,6.0,1.0,-7.962654290800001,-0.9123438192,0.4627486326448105,-63.984365366666665,0.0,-0.9648946973848547,1
3ring_oh_neg_synth,neutral,True,conf_1,-458.4851129,True,True,-5.379421666000001,-0.580691276,4.79873039,,0.258399,-0.165959,0.424358,3.469446951953614e-18,3.0,2922.94,0.0,100.0,-458.46450018,True,-4.874650196,-0.580691276,4.29395892,0.5609009690072969,,0.0,-5.379421666000001,-0.580691276,4.798730390000001,1.3862943611198906,7.980687300823293,0.424358,0.424358,0,1,0,0,0,1,1,0,0,1,2,1,0,1,0,0,0,0,0,0,0,0,1,1,0,0,0,0,0,0,0,0,0,0,0,0,0,0,0,0,0,0,0,0,1,2,4.0,3.0,-2.0,1.0,0.1,0.9,4.0,2.0,-16.138264998000004,-0.5226221484000001,0.9597441585116832,-114.621278225,0.0,-1.3118562143618406,1
me_oh_cn_neg_synth,triplet,True,conf_4,-721.3970512,True,False,-4.704034718,-1.874321232,2.829713486,,,,,,7.0,3797.06,1564.38,0.0,,,,,,,-0.1045407565177766,-0.0038417999999182,-4.704034718,-1.874321232,2.829713486,2.079441541679836,8.242245689035757,,,0,1,1,1,0,0,0,0,1,1,3,0,0,0,0,0,0,0,1,1,0,0,1,1,1,1,0,0,0,0,0,0,0,0,0,0,0,0,0,0,0,0,0,0,3,3,4.0,6.7,-2.0,1.5,3.0,-1.5,3.0,0.1,-31.5170326106,2.811481848,0.7074266029334928,-180.3492628,0.0,-0.7330018547173686,1
sesqui_5ring_oh_7ring_2f_in_neg_synth,neutral,True,conf_3,-811.5769571,True,True,-5.082817406,-2.4639922700000003,2.6188251360000003,,0.205771,-0.247746,0.453517,-4.166666666439537e-08,3.0,1728.79,1728.79,0.0,-811.54855054,False,-4.049328434,-2.4639922700000003,1.585336164,0.7729822667842077,,0.0,-5.082817406,-2.4639922700000003,2.618825136,1.3862943611198906,7.455755292840555,0.453517,0.453517,0,1,0,0,0,1,1,0,0,1,3,2,1,0,1,1,0,0,0,0,0,0,1,1,0,0,1,1,0,0,0,0,0,0,0,0,0,0,0,0,0,0,0,0,2,4,13.5,7.0,-2.5,1.0,1.0,0.0,13.0,4.0,-35.579721842,-0.0,0.1870588046722823,-60.11681163703703,0.0,-0.6803094091705502,1
sesqui_5ring_oh_neg_synth,neutral,True,conf_1,-613.2700224,True,False,-4.615325554000001,-1.957043888,2.6582816660000006,,0.216362,-0.246137,0.462499,1.666666666656769e-07,3.0,4601.52,0.0,100.0,-613.25008888,False,-4.524439478000001,-1.957043888,2.5673955900000003,0.5424189861278651,,0.0,-4.615325554000001,-1.957043888,2.6582816660000006,1.3862943611198906,8.434359258562212,0.462499,0.462499,0,1,0,0,0,1,1,0,0,1,2,1,1,0,0,0,0,0,0,0,0,0,1,1,0,0,0,0,0,0,0,0,0,0,0,0,0,0,0,0,0,0,0,0,1,2,6.0,3.0,-2.0,1.0,0.1,0.9,6.0,2.0,-13.845976662000002,-1.7613394992,0.3797539812085984,-102.2116704,0.0,-0.654676793739029,1
5ring_nph3_3ring_CN_neg_synth,neutral,True,conf_18,-1286.8484563,True,True,-5.512485412,-2.80005306,2.7124323520000004,,0.62916,-0.401343,1.030503,1.4456028966473393e-18,18.0,4948.54,4948.54,0.0,-1286.8314756,True,-5.283637538000001,-2.80005306,2.483584478,0.4620686199793584,,0.0,-5.512485412,-2.80005306,2.712432352,2.9444389791664403,8.507049921951612,1.030503,1.030503,0,0,0,0,0,1,1,0,0,1,1,2,1,1,0,0,0,0,1,1,0,0,0,0,0,0,0,0,0,0,0,0,0,0,0,0,0,0,0,0,1,1,0,0,2,4,17.0,4.5,2.0,1.5,3.0,-1.5,10.0,1.0,-24.806184354000003,4.2000795900000005,0.246584535104968,-75.69696801764705,0.0,-0.8060337527640808,1
5ring_oh_both_neg_synth,cation,True,,,,,,,,,,,,,,,,,,,,,,,,,,,,,,,,0,1,0,0,0,1,0,1,0,1,2,1,1,0,0,0,0,1,0,0,0,0,1,1,0,0,0,0,0,0,0,0,0,0,0,0,0,0,0,0,0,0,0,0,1,2,6.0,3.0,-2.0,1.0,0.1,0.9,6.0,2.0,,,,,0.0,,0
5ring_me_3ring_cf3_in_neg_synth,triplet,True,conf_1,-1060.2447487,True,True,-4.962270904,-1.750237248,3.212033656,,,,,,3.0,351.41,0.0,100.0,,,,,,,1.1658751541406065,0.0428451000000222,-4.962270904,-1.750237248,3.2120336560000005,1.3862943611198906,5.864795270503905,,,0,0,0,1,0,1,0,0,1,1,4,2,1,1,0,1,0,0,0,0,0,0,0,0,1,1,1,1,0,0,0,0,1,1,0,0,0,0,0,0,0,0,0,0,3,5,12.5,6.7,2.5,0.5,3.5,-3.0,8.0,2.5,-33.2472150568,5.250711744,0.3568922318975202,-84.819579896,0.0,-0.8279408604247184,1
5ring_oh_in_neg_synth,triplet,True,conf_7,-458.4547919,True,True,-4.975876604,-1.12655196,3.849324644,,,,,,7.0,4839.98,4839.98,0.0,,,,,,,0.4073682637001087,0.0149705000000039,-4.975876604,-1.12655196,3.849324644,2.079441541679836,8.484872458553346,,,0,1,0,0,0,1,0,0,1,1,2,1,1,0,0,1,0,0,0,0,0,0,1,1,0,0,0,0,0,0,0,0,0,0,0,0,0,0,0,0,0,0,0,0,1,2,6.0,3.0,-2.0,1.0,0.1,0.9,6.0,2.0,-14.927629812,-1.013896764,0.5499027349960929,-76.40913198333332,0.0,-0.9899241214656372,1
calicene_neg_synth,cation,True,conf_1,-307.9464592,True,True,-7.139182904,-2.300995984,4.83818692,,,,,,1.0,0.0,0.0,100.0,,,,,,,,0.1849839999999858,-7.139182904,-2.300995984,4.83818692,0.6931471805599453,0.0,,,0,0,0,0,0,0,0,1,0,1,0,0,0,0,0,0,0,0,0,0,0,0,0,0,0,0,0,0,0,0,0,0,0,0,0,0,0,0,0,0,0,0,0,0,0,0,1.0,0.0,0.0,0.0,0.1,-0.1,0.0,0.1,-0.7139182904000001,0.2300995984,4.838138538614613,-307.9464592,0.0,-1.2761933952399418,1
5ring_oh_3ring_cn_out_neg_synth,neutral,True,conf_1,-642.808143,True,True,-5.58650042,-3.4150307,2.17146972,,0.231738,-0.276474,0.508212,-2.5057116875220546e-18,4.0,3441.26,0.0,100.0,-642.7869243,True,-5.055333892,-3.4150307,1.640303192,0.5773905331789949,,0.0,-5.58650042,-3.4150307,2.17146972,1.6094379124341005,8.143883511396883,0.508212,0.508212,0,1,1,0,0,1,1,0,0,1,3,2,1,1,0,0,1,0,1,1,0,0,1,1,0,0,0,0,0,0,0,0,0,0,0,0,0,0,0,0,0,0,0,0,2,4,11.0,6.5,-3.0,1.0,3.0,-2.0,11.0,4.0,-36.31225273,6.8300614,0.1809556592036173,-58.43710390909091,0.0,-0.5213173567899582,1
me_oh_cn_neg_synth,cation,True,conf_1,-721.2411781,True,True,-5.807456988,-3.777214434,2.0302425540000004,,,,,,4.0,3747.48,0.0,100.0,,,,,,,,0.1520313000000897,-5.807456988,-3.777214434,2.0302425540000004,1.6094379124341005,8.229105703461363,,,0,1,1,1,0,0,0,1,0,1,3,0,0,0,0,0,0,0,1,1,0,0,1,1,1,1,0,0,0,0,0,0,0,0,0,0,0,0,0,0,0,0,0,0,3,3,4.0,6.7,-2.0,1.5,3.0,-1.5,3.0,0.1,-38.9099618196,5.665821651,0.5075593696015761,-180.310294525,0.0,-0.6032975682573849,1
